nipples,0,0,"유두,젖꼭지,신체","젖꼭지가 드러난 상태"
pussy,0,0,"보지,음부,여성기,신체","여성 성기 노출"
penis,0,0,"자지,음경,남성기,신체","남성 성기"
anus,0,0,"항문,신체","항문 노출"
testicles,0,0,"고환,불알,신체","남성 고환"
pubic_hair,0,0,"음모,신체","음부의 털"
clitoris,0,0,"음핵,클리토리스,신체","여성 음핵"
erection,0,0,"발기,신체","음경이 발기한 상태"
nude,0,0,"나체,알몸,누드,노출","옷을 전혀 입지 않은 상태"
topless,0,0,"토플리스,상의탈의,노출","상의를 벗어 가슴이 드러난 상태"
bottomless,0,0,"하의탈의,노출","하의를 입지 않은 상태"
no_panties,0,0,"노팬티,노출","팬티를 입지 않음"
no_bra,0,0,"노브라,노출","브라를 착용하지 않음"
breasts_out,0,0,"가슴노출,노출","옷 밖으로 가슴을 꺼낸 상태"
nipple_slip,0,0,"유두노출,노출","옷 사이로 젖꼭지가 드러남"
clothes_lift,0,0,"옷들추기,노출","옷을 들어 올려 속을 드러냄"
skirt_lift,0,0,"치마들추기,노출","치마를 들어 올림"
shirt_lift,0,0,"셔츠들추기,노출","셔츠를 들어 올림"
bra_lift,0,0,"브라들추기,노출","브라를 들어 올려 가슴을 드러냄"
panty_pull,0,0,"팬티내리기,노출","팬티를 잡아 내림"
clothing_aside,0,0,"옷젖히기,노출","옷을 옆으로 젖혀 성기 등을 드러냄"
undressing,0,0,"옷벗기,탈의,노출","옷을 벗는 중"
spread_pussy,0,0,"음부벌리기,노출","손으로 여성 성기를 벌림"
sex,0,0,"섹스,성교,행위","성행위"
vaginal,0,0,"질삽입,행위","질에 삽입하는 성행위"
anal,0,0,"항문섹스,애널,행위","항문 성행위"
oral,0,0,"오럴,구강성교,행위","입을 이용한 성행위"
fellatio,0,0,"펠라치오,구강성교,행위","음경을 입으로 자극"
cunnilingus,0,0,"쿤닐링구스,행위","여성 성기를 입으로 자극"
paizuri,0,0,"파이즈리,가슴섹스,행위","가슴으로 음경을 자극"
handjob,0,0,"핸드잡,수음,행위","손으로 음경을 자극"
fingering,0,0,"손가락삽입,행위","손가락으로 성기를 자극"
masturbation,0,0,"자위,행위","스스로 성기를 자극"
footjob,0,0,"풋잡,발사용,행위","발로 음경을 자극"
group_sex,0,0,"그룹섹스,난교,행위","여러 명이 함께하는 성행위"
double_penetration,0,0,"이중삽입,행위","두 곳에 동시에 삽입"
cowgirl_position,0,0,"기승위,체위","여성이 위에 올라탄 체위"
reverse_cowgirl_position,0,0,"역기승위,체위","여성이 등을 보이며 올라탄 체위"
missionary,0,0,"정상위,체위","마주 보고 눕는 체위"
doggystyle,0,0,"후배위,도기스타일,체위","뒤에서 삽입하는 체위"
spooning,0,0,"스푼체위,측위,체위","옆으로 누워 뒤에서 안는 체위"
straddling,0,0,"걸터앉기,체위","상대 위에 걸터앉은 자세"
cum,0,0,"정액,사정,분비물","사정된 정액"
cum_in_pussy,0,0,"질내사정,분비물","질 안에 사정"
cum_on_body,0,0,"체외사정,분비물","몸에 사정"
cum_in_mouth,0,0,"입안사정,분비물","입 안에 사정"
bukkake,0,0,"부카케,분비물","여러 명이 한 사람에게 사정"
ejaculation,0,0,"사정,분비물","정액을 분출하는 순간"
saliva,0,0,"침,타액,분비물","침/타액"
pussy_juice,0,0,"애액,여성분비물,분비물","여성 성기의 분비액"
censored,0,0,"검열,모자이크,검열표현,노출","성기 등이 가려진 상태"
uncensored,0,0,"무검열,무수정,검열표현,노출","검열되지 않음"
mosaic_censoring,0,0,"모자이크검열,검열표현,노출","모자이크로 가림"
bar_censor,0,0,"바검열,검열표현,노출","막대로 가림"
heart_censor,0,0,"하트검열,검열표현,노출","하트로 가림"
sex_toy,0,0,"성인용품,성구,도구","성행위 보조 기구"
dildo,0,0,"딜도,도구","남성기 모양 기구"
vibrator,0,0,"바이브레이터,진동기,도구","진동 자극 기구"
white_panties,0,0,"흰팬티,하얀팬티,노출,의상","흰색 팬티"
covered_nipples,0,0,"비치는젖꼭지,옷위젖꼭지,노출","옷 위로 비치는 젖꼭지"
see-through_clothes,0,0,"비치는옷,시스루,노출","속이 비치는 옷"
black_panties,0,0,"검은팬티,블랙팬티,노출,의상","검은색 팬티"
loli,0,0,"로리,어려보임,인원","어려 보이는 체형의 캐릭터"
sideboob,0,0,"옆가슴,사이드붑,노출","옆에서 드러난 가슴"
underboob,0,0,"언더붑,가슴아래,노출","가슴 아랫부분이 드러남"
cameltoe,0,0,"카멜토,음부윤곽,노출","옷에 드러난 음부 윤곽"
ass_visible_through_thighs,0,0,"허벅지사이엉덩이,사이로보이는엉덩이,노출","허벅지 사이로 보이는 엉덩이"
female_pubic_hair,0,0,"여성음모,음모,노출","여성의 음모"
groping,0,0,"만짐,주무름,그로핑,행위","가슴이나 몸을 만짐"
bound,0,0,"묶임,결박,본디지,도구","끈 등으로 묶인 상태"
bara,0,0,"바라,근육남동성,인원","근육질 남성 중심 동성 장르"
yaoi,0,0,"야오이,남성간,비엘,인원","남성 간의 관계"
grabbing_another's_breast,0,0,"타인가슴잡기,가슴잡음,행위","다른 사람의 가슴을 잡음"
pantyshot,0,0,"팬티노출,판치라,노출","팬티가 보임"
bdsm,0,0,"비디에스엠,결박플레이,도구","BDSM 행위"
lifting_own_clothes,0,0,"옷들어올림,셀프리프트,노출","자기 옷을 들어 올림"
sex_from_behind,0,0,"후배위,뒤에서,체위","뒤에서 하는 체위"
underwear_only,0,0,"속옷만,언더웨어온리,노출","속옷만 입은 상태"
girl_on_top,0,0,"여성상위,기승위,체위","여성이 위에 있는 체위"
black_bra,0,0,"검은브라,블랙브라,노출,의상","검은색 브래지어"
no_pants,0,0,"하의없음,노팬츠,노출","하의를 입지 않음"
bondage,0,0,"결박,본디지,묶임,도구","끈으로 묶는 결박"
revealing_clothes,0,0,"노출의상,야한옷,노출","노출이 심한 옷"
breast_press,0,0,"가슴밀착,가슴누름,노출","가슴을 밀착하거나 누름"
between_breasts,0,0,"가슴사이,파이즈리위치,노출","가슴 사이"
wet_clothes,0,0,"젖은옷,웻클로즈,노출","젖어서 비치는 옷"
pink_panties,0,0,"분홍팬티,핑크팬티,노출,의상","분홍색 팬티"
male_pubic_hair,0,0,"남성음모,남자음모,노출","남성의 음모"
covering_privates,0,0,"부위가림,은밀한곳가림,노출","은밀한 부위를 손 등으로 가림"
areola_slip,0,0,"유륜노출,아레올라슬립,노출","유륜이 살짝 드러남"
facial,0,0,"페이셜,얼굴사정,분비물","얼굴에 사정함"
breasts_apart,0,0,"벌어진가슴,가슴사이벌어짐,노출","좌우로 벌어진 가슴"
micro_bikini,0,0,"마이크로비키니,초소형비키니,노출,의상","극도로 작은 비키니"
restrained,0,0,"구속,결박당함,도구","끈 등으로 구속된 상태"
striped_panties,0,0,"줄무늬팬티,스트라이프팬티,노출,의상","줄무늬 팬티"
bow_panties,0,0,"리본팬티,보우팬티,노출,의상","리본이 달린 팬티"
convenient_censoring,0,0,"절묘한가림,편의검열,노출","사물 등으로 절묘하게 가린 검열"
side-tie_panties,0,0,"옆끈팬티,사이드타이팬티,노출,의상","옆을 끈으로 묶는 팬티"
licking,0,0,"핥기,리킹,행위","혀로 핥음"
tentacles,0,0,"촉수,텐타클,도구","촉수"
cum_on_breasts,0,0,"가슴사정,컴온브레스트,분비물","가슴에 사정함"
topless_male,0,0,"상의탈의남성,토플리스남,노출","상의를 벗은 남성"
strap_slip,0,0,"흘러내린어깨끈,스트랩슬립,노출","어깨끈이 흘러내림"
clothed_female_nude_male,0,0,"여성착의남성나체,씨에프엔엠,체위","여성은 옷을 입고 남성은 나체"
heavy_breathing,0,0,"거친숨,헤비브리딩,행위","거칠게 숨을 몰아쉼"
bikini_top_only,0,0,"비키니상의만,탑온리,노출","비키니 상의만 착용"
after_sex,0,0,"성행위후,애프터섹스,행위","성행위 직후 상태"
between_legs,0,0,"다리사이,비트윈레그,노출","다리 사이"
mole_on_breast,0,0,"가슴점,브레스트몰,노출","가슴의 점"
clothed_sex,0,0,"착의성교,옷입은채,체위","옷을 입은 채 하는 성행위"
puffy_nipples,0,0,"부푼젖꼭지,퍼피니플,노출","부풀어 오른 젖꼭지"
bulge,0,0,"불룩솟음,벌지,노출","옷 위로 불룩 솟은 부분"
condom,0,0,"콘돔,피임기구,도구","콘돔"
thong,0,0,"끈팬티,티팬티,통,노출,의상","끈으로 된 팬티"
futanari,0,0,"후타나리,양성,푸타,신체","남녀 성기를 모두 가진 모습"
white_bra,0,0,"흰브라,화이트브라,노출,의상","흰색 브래지어"
upskirt,0,0,"치마속,업스커트,노출","치마 속이 보임"
dress_lift,0,0,"드레스들어올림,드레스리프트,노출","드레스를 들어 올림"
cumdrip,0,0,"흘러내리는정액,컴드립,분비물","흘러내리는 정액"
rape,0,0,"강간,레이프,행위","강간"
threesome,0,0,"쓰리섬,삼인,체위","세 명이 함께하는 체위"
panties_under_pantyhose,0,0,"스타킹안팬티,팬티언더팬티호스,노출","팬티스타킹 안에 입은 팬티"
ass_focus,0,0,"엉덩이강조,애스포커스,노출","엉덩이를 강조한 구도"
torn_pantyhose,0,0,"찢어진팬티스타킹,톤팬티호스,노출,의상","찢어진 팬티스타킹"
female_masturbation,0,0,"여성자위,피메일마스터베이션,행위","여성의 자위"
bouncing_breasts,0,0,"출렁이는가슴,바운싱브레스트,노출","출렁이는 가슴"
cleft_of_venus,0,0,"음부틈,클레프트오브비너스,노출","음부의 갈라진 틈"
breasts_squeezed_together,0,0,"모은가슴,스퀴즈드브레스트,노출","좌우로 모아 눌린 가슴"
hand_between_legs,0,0,"다리사이손,핸드비트윈레그,노출","다리 사이에 둔 손"
large_penis,0,0,"큰음경,라지페니스,노출","큰 음경"
veiny_penis,0,0,"혈관음경,베이니페니스,노출","혈관이 도드라진 음경"
object_insertion,0,0,"물체삽입,오브젝트인서션,행위","물체를 삽입함"
blue_panties,0,0,"파란팬티,블루팬티,노출,의상","파란색 팬티"
butt_crack,0,0,"엉덩이골,벗크랙,노출","드러난 엉덩이 골"
cum_overflow,0,0,"넘치는정액,컴오버플로,분비물","넘쳐흐르는 정액"
nipple_stimulation,0,0,"젖꼭지자극,니플자극,행위","젖꼭지를 자극함"
pasties,0,0,"젖꼭지가리개,파스티,노출","젖꼭지만 가리는 스티커"
large_areolae,0,0,"큰유륜,라지아레올라,노출","크게 그려진 유륜"
interracial,0,0,"인종간,인터레이셜,행위","인종이 다른 상대와의 성행위"
panties_aside,0,0,"팬티옆치움,팬티어사이드,노출","팬티를 옆으로 치움"
cum_on_hair,0,0,"머리사정,컴온헤어,분비물","머리에 묻은 정액"
grabbing_from_behind,0,0,"뒤에서잡기,백그랩,행위","뒤에서 가슴 등을 잡음"
highleg_panties,0,0,"하이레그팬티,다리깊게판팬티,노출,의상","다리를 깊게 판 팬티"
gag,0,0,"입마개,개그,재갈,도구","입에 물리는 재갈"
covering_breasts,0,0,"가슴가림,커버링브레스트,노출","손이나 팔로 가슴을 가림"
shota,0,0,"쇼타,어린소년,인원","어려 보이는 소년"
panties_around_one_leg,0,0,"한쪽다리팬티,팬티원레그,노출","한쪽 다리에만 걸린 팬티"
top-down_bottom-up,0,0,"엎드려엉덩이듦,탑다운보텀업,노출","상체를 숙이고 엉덩이를 든 자세"
hanging_breasts,0,0,"늘어진가슴,행잉브레스트,노출","아래로 늘어진 가슴"
pink_bra,0,0,"분홍브라,핑크브라,노출,의상","분홍색 브래지어"
partially_visible_vulva,0,0,"살짝보이는음부,파셜불바,노출","살짝 드러난 음부"
ahegao,0,0,"아헤가오,절정표정,표정","쾌락에 빠진 풀린 표정"
bound_wrists,0,0,"묶인손목,바운드리스트,도구","끈으로 묶인 손목"
huge_ass,0,0,"매우큰엉덩이,휴지애스,노출","매우 큰 엉덩이"
lactation,0,0,"모유분비,락테이션,분비물","모유가 분비됨"
gagged,0,0,"재갈물림,개그드,도구","입에 재갈을 물림"
gangbang,0,0,"다수성행위,갱뱅,체위","여럿이 한 명과 하는 성행위"
crotch_seam,0,0,"사타구니솔기,크로치심,노출","사타구니에 드러난 옷 솔기"
pulling_own_clothes,0,0,"옷잡아당김,셀프풀링,노출","자기 옷을 잡아당김"
nipple_tweak,0,0,"젖꼭지비틀기,니플트윅,행위","젖꼭지를 비틂"
lowleg,0,0,"로우레그,골반에걸친,노출","골반에 낮게 걸친 속옷"
after_vaginal,0,0,"질성교후,애프터버지널,행위","질 성행위 직후 상태"
orgasm,0,0,"절정,오르가즘,행위","성적 절정"
femdom,0,0,"펨돔,여성우위,행위","여성이 주도하는 성행위"
inverted_nipples,0,0,"함몰젖꼭지,인버티드니플,노출","안으로 들어간 젖꼭지"
open_fly,0,0,"앞트임,오픈플라이,노출","바지 앞 지퍼가 열림"
happy_sex,0,0,"행복한성행위,해피섹스,행위","애정 어린 성행위"
wet_shirt,0,0,"젖은셔츠,웻셔츠,노출","젖어서 비치는 셔츠"
naked_shirt,0,0,"셔츠만입음,네이키드셔츠,노출,의상","속옷 없이 셔츠만 입음"
precum,0,0,"선주,쿠퍼액,프리컴,분비물","사정 전 흘러나오는 액"
shibari,0,0,"시바리,포박,결박,도구","끈으로 묶는 일본식 포박"
cum_in_ass,0,0,"항문사정,컴인애스,분비물","항문 안에 사정함"
nipple_piercing,0,0,"젖꼭지피어싱,니플피어싱,노출","젖꼭지에 한 피어싱"
incest,0,0,"근친,인세스트,행위","근친 간의 성행위"
pointless_censoring,0,0,"의미없는검열,포인트리스검열,노출","가리지 못하는 무의미한 검열"
futa_with_female,0,0,"후타와여성,푸타위드피메일,체위","후타나리와 여성의 성행위"
arm_under_breasts,0,0,"가슴받친팔,암언더브레스트,노출","가슴 아래를 받쳐 든 팔"
presenting,0,0,"음부내보임,프리젠팅,노출","음부를 들어 내보임"
red_panties,0,0,"빨간팬티,레드팬티,노출,의상","빨간색 팬티"
one_breast_out,0,0,"한쪽가슴노출,원브레스트아웃,노출","한쪽 가슴만 드러냄"
bound_arms,0,0,"묶인팔,바운드암,도구","끈으로 묶인 팔"
imminent_penetration,0,0,"삽입직전,임미넌트삽입,행위","삽입하기 직전 상태"
interspecies,0,0,"이종간,인터스피시즈,행위","서로 다른 종 간의 성행위"
purple_panties,0,0,"보라팬티,퍼플팬티,노출,의상","보라색 팬티"
anal_object_insertion,0,0,"항문물체삽입,애널오브젝트,행위","항문에 물체를 삽입함"
used_condom,0,0,"사용한콘돔,유즈드콘돔,도구","사용한 콘돔"
grabbing_own_breast,0,0,"자기가슴잡기,셀프그랩,행위","자기 가슴을 잡음"
sexually_suggestive,0,0,"성적암시,섹슈얼서제스티브,행위","성적으로 암시적인 분위기"
standing_sex,0,0,"입위,스탠딩섹스,체위","선 채로 하는 성행위"
condom_wrapper,0,0,"콘돔포장,콘돔래퍼,도구","콘돔 포장지"
french_kiss,0,0,"딥키스,프렌치키스,행위","혀를 넣는 깊은 키스"
grabbing_another's_ass,0,0,"타인엉덩이잡기,애스그랩,행위","다른 사람의 엉덩이를 잡음"
public_indecency,0,0,"공공음란,퍼블릭인디센시,행위","공공장소에서의 음란행위"
covering_crotch,0,0,"사타구니가림,크로치가림,노출","사타구니를 가림"
mmf_threesome,0,0,"남남녀쓰리섬,엠엠에프,체위","남성 둘과 여성 하나의 성행위"
string_panties,0,0,"끈팬티,스트링팬티,노출,의상","끈으로 된 팬티"
male_penetrated,0,0,"삽입당하는남성,남성피삽입,행위","삽입당하는 남성"
lace-trimmed_bra,0,0,"레이스브라,레이스트림브라,노출,의상","레이스 장식 브라"
cum_on_clothes,0,0,"옷에사정,컴온클로즈,분비물","옷에 묻은 정액"
ffm_threesome,0,0,"여여남쓰리섬,에프에프엠,체위","여성 둘과 남성 하나의 성행위"
handcuffs,0,0,"수갑,핸드커프,도구","수갑"
naked_towel,0,0,"수건만두름,네이키드타올,노출","수건 한 장만 두른 상태"
pov_crotch,0,0,"사타구니시점,피오브이크로치,노출","사타구니를 향한 1인칭 시점"
lace-trimmed_panties,0,0,"레이스팬티,레이스트림팬티,노출,의상","레이스 장식 팬티"
blue_bra,0,0,"파란브라,블루브라,노출,의상","파란색 브래지어"
pubic_tattoo,0,0,"음부문신,퍼빅타투,노출","음부 주변의 문신"
spreading_own_pussy,0,0,"음부벌림,스프레딩푸시,노출","자기 음부를 벌림"
cross-section,0,0,"단면도,크로스섹션,행위","삽입 부위를 단면으로 보여줌"
onee-shota,0,0,"연상녀소년,오네쇼타,인원","연상 여성과 어린 소년"
breast_sucking,0,0,"가슴빨기,브레스트서킹,행위","가슴을 빪"
out-of-frame_censoring,0,0,"화면밖검열,아웃프레임검열,노출","화면 밖으로 가린 검열"
m_legs,0,0,"엠자다리,M다리,체위","M자로 벌린 다리"
assertive_female,0,0,"주도적여성,어서티브피메일,행위","성행위를 주도하는 여성"
pants_pull,0,0,"바지당김,팬츠풀,노출","바지를 잡아당김"
pantyhose_pull,0,0,"스타킹당김,팬티호스풀,노출","팬티스타킹을 잡아당김"
shackles,0,0,"족쇄,섀클,도구","족쇄"
vaginal_object_insertion,0,0,"질물체삽입,버지널삽입,행위","질에 물체를 삽입함"
x-ray,0,0,"엑스레이투시,단면투시,행위","삽입 부위를 투시로 보여줌"
licking_penis,0,0,"음경핥기,리킹페니스,행위","음경을 핥음"
folded,0,0,"몸접은체위,폴디드,체위","상대 몸을 접어 누르는 체위"
peeing,0,0,"소변,오줌,피잉,분비물","소변을 봄"
erection_under_clothes,0,0,"옷위발기,이렉션언더클로즈,노출","옷 위로 드러난 발기"
asymmetrical_docking,0,0,"비대칭가슴맞댐,어시메트릭도킹,행위","가슴을 비스듬히 맞댐"
body_writing,0,0,"몸에글씨,바디라이팅,노출","몸에 적은 글씨"
symmetrical_docking,0,0,"대칭가슴맞댐,시메트릭도킹,행위","가슴을 마주 맞댐"
slingshot_swimsuit,0,0,"슬링샷수영복,끈수영복,노출,의상","끈처럼 가린 슬링샷 수영복"
pee,0,0,"소변,오줌,피,분비물","소변"
no_shirt,0,0,"상의없음,노셔츠,노출","상의를 입지 않음"
hair_censor,0,0,"머리카락검열,헤어센서,노출","머리카락으로 가린 검열"
huge_penis,0,0,"거대음경,휴지페니스,노출","매우 큰 음경"
see-through_shirt,0,0,"비치는셔츠,시스루셔츠,노출","속이 비치는 셔츠"
naked_apron,0,0,"알몸앞치마,네이키드에이프런,노출,의상","앞치마만 두른 알몸"
implied_sex,0,0,"성행위암시,임플라이드섹스,행위","직접 묘사 없이 성행위를 암시"
moaning,0,0,"신음,모닝,행위","쾌락에 신음함"
foreskin,0,0,"포피,포어스킨,노출","음경의 포피"
hair_over_breasts,0,0,"가슴덮은머리,헤어오버브레스트,노출","머리카락으로 가슴을 가림"
skirt_pull,0,0,"치마당김,스커트풀,노출","치마를 잡아당김"
breast_rest,0,0,"가슴얹기,브레스트레스트,노출","가슴을 무언가에 얹음"
female_ejaculation,0,0,"여성사정,피메일이젝션,분비물","여성의 사정"
female_orgasm,0,0,"여성절정,피메일오르가즘,행위","여성의 성적 절정"
stomach_bulge,0,0,"배불룩,스토먹벌지,행위","삽입으로 배가 불룩해짐"
wardrobe_malfunction,0,0,"옷벗겨짐,워드로브맬펑션,노출","옷이 벗겨지는 사고"
bikini_pull,0,0,"비키니당김,비키니풀,노출","비키니를 잡아당김"
bikini_bottom_only,0,0,"비키니하의만,바텀온리,노출","비키니 하의만 착용"
torogao,0,0,"황홀한표정,토로가오,표정","쾌락에 녹아든 표정"
frilled_panties,0,0,"프릴팬티,러플팬티,노출,의상","프릴이 달린 팬티"
frilled_bra,0,0,"프릴브라,러플브라,노출,의상","프릴이 달린 브라"
mind_control,0,0,"정신지배,마인드컨트롤,행위","정신을 조종당함"
untied_bikini,0,0,"풀린비키니,언타이드비키니,노출","끈이 풀린 비키니"
ball_gag,0,0,"볼개그,입마개공,도구","입에 무는 공 모양 재갈"
unworn_panties,0,0,"벗은팬티,언원팬티,노출","벗어 둔 팬티"
green_panties,0,0,"초록팬티,그린팬티,노출,의상","초록색 팬티"
cum_string,0,0,"정액줄기,컴스트링,분비물","실처럼 늘어진 정액"
between_fingers,0,0,"손가락사이점액,비트윈핑거,분비물","손가락 사이의 점액"
fucked_silly,0,0,"정신못차림,퍽드실리,표정","쾌락에 정신을 못 차리는 표정"
clothed_male_nude_female,0,0,"남성착의여성나체,씨엠엔에프,체위","남성은 옷을 입고 여성은 나체"
bestiality,0,0,"수간,베스티얼리티,행위","동물과의 성행위"
tentacle_sex,0,0,"촉수성행위,텐타클섹스,행위","촉수와의 성행위"
shirt_pull,0,0,"셔츠당김,셔츠풀,노출","셔츠를 잡아당김"
print_panties,0,0,"무늬팬티,프린트팬티,노출,의상","무늬가 있는 팬티"
heart_pasties,0,0,"하트젖꼭지가리개,하트파스티,노출","하트 모양 젖꼭지 가리개"
bound_legs,0,0,"묶인다리,바운드레그,도구","끈으로 묶인 다리"
internal_cumshot,0,0,"체내사정,질싸,분비물","몸 안에 사정함"
red_bra,0,0,"빨간브라,레드브라,노출,의상","빨간색 브래지어"
downblouse,0,0,"다운블라우스,위에서가슴골,노출","위에서 내려다본 가슴골"
bra_visible_through_clothes,0,0,"비치는브라,옷위브라,노출","옷 위로 비치는 브라"
sweater_lift,0,0,"스웨터들어올림,스웨터리프트,노출","스웨터를 들어 올림"
cum_on_ass,0,0,"엉덩이사정,컴온애스,분비물","엉덩이에 묻은 정액"
bra_strap,0,0,"브라끈,브라스트랩,노출","드러난 브라 끈"
exhibitionism,0,0,"노출증,엑시비셔니즘,행위","남에게 보이는 노출 행위"
uterus,0,0,"자궁,유터러스,행위","자궁 단면 묘사"
purple_bra,0,0,"보라브라,퍼플브라,노출,의상","보라색 브래지어"
see-through_cleavage,0,0,"비치는가슴골,시스루클리비지,노출","비치는 가슴골"
pervert,0,0,"변태,퍼버트,행위","변태적인 행동"
projectile_cum,0,0,"뿜는정액,프로젝타일컴,분비물","뿜어져 나오는 정액"
shorts_pull,0,0,"반바지당김,쇼츠풀,노출","반바지를 잡아당김"
panty_peek,0,0,"팬티살짝보임,팬티픽,노출","팬티가 살짝 보임"
boy_on_top,0,0,"남성상위,보이온탑,체위","남성이 위에 있는 체위"
thong_bikini,0,0,"끈비키니,통비키니,노출,의상","끈으로 된 비키니"
cum_on_tongue,0,0,"혀위정액,컴온텅,분비물","혀 위의 정액"
suggestive_fluid,0,0,"암시적체액,서제스티브플루이드,분비물","성적으로 암시적인 체액"
squatting_cowgirl_position,0,0,"쪼그려기승위,스쿼팅카우걸,체위","쪼그려 앉은 기승위"
lowleg_panties,0,0,"로우레그팬티,골반팬티,노출,의상","골반에 낮게 걸친 팬티"
backboob,0,0,"뒤가슴,백붑,노출","뒤에서 보이는 가슴 옆선"
bra_pull,0,0,"브라당김,브라풀,노출","브라를 잡아당김"
crotchless,0,0,"사타구니트임,크로치리스,노출","사타구니가 트인 옷"
maebari,0,0,"마에바리,국부가리개,노출","국부만 가린 천"
convenient_leg,0,0,"다리가림,컨비니언트레그,노출","다리로 은밀한 곳을 가림"
bursting_breasts,0,0,"터질듯한가슴,버스팅브레스트,노출","옷이 터질 듯한 가슴"
anal_beads,0,0,"애널비즈,항문구슬,도구","구슬이 연결된 기구"
fat_mons,0,0,"도톰한둔덕,팻몬스,노출","도톰한 음부 둔덕"
disembodied_penis,0,0,"몸없는음경,디셈바디드페니스,노출","몸이 보이지 않는 음경"
pussy_peek,0,0,"음부살짝보임,푸시픽,노출","음부가 살짝 보임"
polka_dot_panties,0,0,"물방울팬티,도트팬티,노출,의상","물방울무늬 팬티"
netorare,0,0,"네토라레,엔티알,행위","연인을 빼앗기는 상황"
strap_pull,0,0,"어깨끈당김,스트랩풀,노출","어깨끈을 잡아당김"
female_pervert,0,0,"변태녀,피메일퍼버트,행위","변태적인 여성"
grabbing_own_ass,0,0,"자기엉덩이잡기,셀프애스그랩,행위","자기 엉덩이를 잡음"
looking_at_penis,0,0,"음경바라봄,룩킹앳페니스,노출","음경을 바라봄"
double_handjob,0,0,"양손핸드잡,더블핸드잡,행위","양손으로 동시에 하는 핸드잡"
wet_panties,0,0,"젖은팬티,웻팬티,노출","젖은 팬티"
bikini_bottom_aside,0,0,"비키니하의옆,비키니어사이드,노출","비키니 하의를 옆으로 치움"
crotch,0,0,"사타구니,크로치,노출","사타구니"
hypnosis,0,0,"최면,히프노시스,행위","최면에 걸린 상태"
male_masturbation,0,0,"남성자위,멜마스터베이션,행위","남성의 자위"
oppai_loli,0,0,"가슴큰로리,오파이로리,인원","가슴이 큰 어려보이는 캐릭터"
condom_in_mouth,0,0,"입에문콘돔,콘돔인마우스,도구","입에 문 콘돔"
spread_anus,0,0,"벌린항문,스프레드애너스,노출","손으로 벌린 항문"
breast_suppress,0,0,"가슴눌러가림,브레스트서프레스,노출","가슴을 눌러 가림"
naked_ribbon,0,0,"리본만두름,네이키드리본,노출","리본만 두른 알몸"
pubic_hair_peek,0,0,"삐져나온음모,퍼빅헤어픽,노출","옷 밖으로 삐져나온 음모"
anal_tail,0,0,"꼬리플러그,애널테일,도구","항문에 꽂는 꼬리 플러그"
no_nipples,0,0,"젖꼭지없음,노니플,노출","젖꼭지가 그려지지 않음"
wedgie,0,0,"엉덩이속옷낌,웨지,노출","엉덩이에 낀 속옷"
deep_penetration,0,0,"깊은삽입,딥페네트레이션,체위","깊숙이 삽입함"
underboob_cutout,0,0,"가슴아래컷아웃,언더붑컷아웃,노출","가슴 아래가 드러난 컷아웃"
colored_pubic_hair,0,0,"색음모,컬러드퍼빅헤어,노출","색이 있는 음모"
penis_on_face,0,0,"얼굴에음경,페니스온페이스,노출","얼굴에 닿은 음경"
one-piece_swimsuit_pull,0,0,"원피스수영복당김,스윔수트풀,노출","원피스 수영복을 잡아당김"
flaccid,0,0,"비발기음경,플래시드,노출","발기하지 않은 음경"
dark_nipples,0,0,"어두운젖꼭지,다크니플,노출","어두운 색 젖꼭지"
reverse_bunnysuit,0,0,"리버스바니걸,역바니수트,노출","뒤집어 입은 노출 바니걸 수트"
spread_ass,0,0,"벌린엉덩이,스프레드애스,노출","손으로 벌린 엉덩이"
breast_lift,0,0,"가슴들어올림,브레스트리프트,노출","가슴을 들어 올림"
dress_pull,0,0,"드레스당김,드레스풀,노출","드레스를 잡아당김"
improvised_gag,0,0,"임시재갈,임프로바이즈드개그,도구","천 등으로 만든 임시 재갈"
orgy,0,0,"난교,오지,체위","여럿이 뒤섞인 성행위"
paizuri_under_clothes,0,0,"옷위파이즈리,언더클로즈파이즈리,행위","옷을 입은 채 하는 파이즈리"
see-through_silhouette,0,0,"비치는실루엣,시스루실루엣,노출","역광에 비치는 몸 실루엣"
imminent_vaginal,0,0,"질삽입직전,임미넌트버지널,행위","질 삽입 직전 상태"
imminent_rape,0,0,"강간직전,임미넌트레이프,행위","강간 직전 상태"
after_anal,0,0,"항문성교후,애프터애널,행위","항문 성행위 직후"
teamwork_(sexual),0,0,"협동성행위,팀워크섹슈얼,체위","여럿이 협동하는 성행위"
yellow_panties,0,0,"노란팬티,옐로팬티,노출,의상","노란색 팬티"
flashing,0,0,"노출플래싱,순간노출,노출","갑자기 알몸을 드러냄"
bandaids_on_nipples,0,0,"젖꼭지반창고,니플밴드,노출","젖꼭지를 가린 반창고"
arms_under_breasts,0,0,"가슴아래팔,암즈언더브레스트,노출","가슴 아래를 받친 양팔"
anus_peek,0,0,"살짝보이는항문,애너스픽,노출","살짝 드러난 항문"
nude_cover,0,0,"알몸가린표지,누드커버,노출","알몸을 절묘하게 가린 구도"
penis_awe,0,0,"음경에놀람,페니스오,노출","음경을 보고 놀람"
lowleg_bikini,0,0,"로우레그비키니,골반비키니,노출,의상","골반에 낮게 걸친 비키니"
cat_lingerie,0,0,"고양이란제리,캣란제리,노출,의상","고양이 콘셉트 란제리"
after_fellatio,0,0,"펠라치오후,애프터펠라,행위","구강성교 직후 상태"
breast_curtains,0,0,"가슴가린천,브레스트커튼,노출","가슴을 가린 천이나 머리"
thong_leotard,0,0,"끈레오타드,통레오타드,노출,의상","끈 형태의 레오타드"
leotard_aside,0,0,"레오타드옆,레오타드어사이드,노출","레오타드를 옆으로 치움"
egg_vibrator,0,0,"에그바이브,로터,도구","달걀 모양 진동 기구"
reverse_suspended_congress,0,0,"역들어올린체위,리버스서스펜디드,체위","뒤집어 들어 올린 체위"
food_on_body,0,0,"몸위음식,푸드온바디,노출","알몸 위에 올린 음식"
assisted_exposure,0,0,"강제노출,어시스티드익스포저,노출","남이 옷을 벗겨 노출시킴"
swimsuit_aside,0,0,"수영복옆,스윔수트어사이드,노출","수영복을 옆으로 치움"
cum_pool,0,0,"정액웅덩이,컴풀,분비물","고인 정액 웅덩이"
unaligned_breasts,0,0,"높이다른가슴,언얼라인드브레스트,노출","좌우 높이가 다른 드러난 가슴"
butt_plug,0,0,"버트플러그,항문플러그,도구","항문에 꽂는 플러그"
irrumatio,0,0,"이라마치오,강제구강,행위","목 깊이 밀어넣는 구강성교"
deepthroat,0,0,"딥스로트,목깊이,행위","목 깊숙이 받아들이는 구강성교"
no_pussy,0,0,"음부없음,노푸시,노출","음부가 그려지지 않음"
hand_under_clothes,0,0,"옷속의손,핸드언더클로즈,노출","옷 속에 넣은 손"
upright_straddle,0,0,"선채걸터앉기,업라이트스트래들,체위","선 채로 걸터앉는 체위"
gloved_handjob,0,0,"장갑핸드잡,글러브드핸드잡,행위","장갑을 낀 채 하는 핸드잡"
bikini_top_lift,0,0,"비키니상의들어올림,비키니탑리프트,노출","비키니 상의를 들어 올림"
gaping,0,0,"벌어진구멍,게이핑,노출","벌어진 채 유지된 구멍"
huge_nipples,0,0,"큰젖꼭지,휴지니플,노출","매우 큰 젖꼭지"
virgin_killer_sweater,0,0,"버진킬러스웨터,버진킬러,노출,의상","등과 옆이 트인 노출 스웨터"
novelty_censor,0,0,"장난검열,노벨티검열,노출","우스꽝스러운 사물로 가린 검열"
defloration,0,0,"처녀막파열,디플로레이션,행위","첫 성행위로 인한 파열"
grey_panties,0,0,"회색팬티,그레이팬티,노출,의상","회색 팬티"
pussy_juice_trail,0,0,"애액줄기,푸시주스트레일,분비물","실처럼 늘어진 애액"
unworn_bra,0,0,"벗은브라,언원브라,노출","벗어 둔 브라"
spitroast,0,0,"스핏로스트,양쪽동시,체위","양쪽에서 동시에 삽입하는 체위"
two-footed_footjob,0,0,"양발풋잡,투푸티드풋잡,행위","양발로 하는 풋잡"
pussy_juice_stain,0,0,"애액자국,푸시주스스테인,분비물","애액이 밴 자국"
bra_peek,0,0,"브라살짝보임,브라픽,노출","옷 사이로 살짝 보이는 브라"
maid_bikini,0,0,"메이드비키니,메이드란제리,노출,의상","노출이 많은 메이드 콘셉트 비키니"
guro,0,0,"고어,그로테스크,구로,행위","잔혹·엽기 묘사"
animal_penis,0,0,"동물음경,애니멀페니스,노출","동물 형태의 음경"
eyepatch_bikini,0,0,"안대비키니,아이패치비키니,노출,의상","안대처럼 가린 비키니"
holding_underwear,0,0,"속옷듦,홀딩언더웨어,노출","속옷을 손에 듦"
you_gonna_get_raped,0,0,"강간위협밈,유고나겟레이프드,행위","강간 위협 상황 밈"
plunging_neckline,0,0,"깊게파인목선,플런징넥라인,노출","가슴까지 깊게 파인 목선"
wiffle_gag,0,0,"구멍재갈,위플개그,도구","구멍이 뚫린 입마개"
pokephilia,0,0,"포켓몬성행위,포케필리아,행위","포켓몬과의 성행위"
penis_grab,0,0,"음경잡기,페니스그랩,행위","음경을 잡음"
nipple_rings,0,0,"젖꼭지링,니플링,노출","젖꼭지에 단 링"
clitoral_hood,0,0,"음핵포피,클리토럴후드,노출","음핵을 덮은 포피"
wet_swimsuit,0,0,"젖은수영복,웻스윔수트,노출","젖어서 비치는 수영복"
prone_bone,0,0,"엎드린후배위,프론본,체위","엎드린 채 뒤에서 하는 체위"
pantylines,0,0,"팬티라인,팬티라인즈,노출","옷 위로 비치는 팬티 자국"
cum_on_stomach,0,0,"배에사정,컴온스토먹,분비물","배에 묻은 정액"
ejaculating_while_penetrated,0,0,"삽입중사정,이젝큘레이팅,행위","삽입당하며 사정함"
slave,0,0,"노예,슬레이브,행위","성적 노예 상황"
shibari_over_clothes,0,0,"옷위포박,시바리오버클로즈,도구","옷 위로 끈을 묶는 포박"
remote_control_vibrator,0,0,"리모컨바이브,리모트바이브레이터,도구","원격 조종 진동 기구"
grinding,0,0,"비비기,그라인딩,행위","몸을 밀착해 비빔"
lace_panties,0,0,"레이스팬티,레이스팬티,노출,의상","레이스 팬티"
riding_crop,0,0,"승마채찍,라이딩크롭,도구","짧은 승마용 채찍"
instant_loss,0,0,"즉시패배,인스턴트로스,행위","순식간에 당하는 전개 밈"
nipple_bar,0,0,"젖꼭지바,니플바,노출","젖꼭지를 관통한 바 피어싱"
public_nudity,0,0,"공공알몸,퍼블릭누디티,노출","공공장소에서의 알몸"
frogtie,0,0,"개구리결박,프로그타이,도구","다리를 접어 묶는 개구리 결박"
small_penis,0,0,"작은음경,스몰페니스,노출","작은 음경"
peeing_self,0,0,"실금,자기소변,분비물","스스로 소변을 지림"
green_bra,0,0,"초록브라,그린브라,노출,의상","초록색 브래지어"
come_hither,0,0,"유혹손짓,컴히더,행위","오라고 부르는 유혹적 손짓"
leg_lock,0,0,"다리감기,레그락,체위","다리로 상대를 감싸 잠금"
nontraditional_playboy_bunny,0,0,"변형바니걸,논트래디셔널바니,노출","노출이 많은 변형 바니걸 의상"
reverse_upright_straddle,0,0,"역대면좌위,리버스업라이트스트래들,체위","마주 보지 않고 걸터앉는 좌위"
clitoral_stimulation,0,0,"음핵자극,클리토럴자극,행위","음핵을 자극함"
chained,0,0,"사슬묶임,체인드,도구","사슬로 묶인 상태"
holding_condom,0,0,"콘돔듦,홀딩콘돔,도구","콘돔을 손에 듦"
spanked,0,0,"엉덩이맞음,스팽크드,행위","엉덩이를 맞음"
cooperative_fellatio,0,0,"협동펠라치오,쿠퍼러티브펠라,행위","여럿이 함께 하는 구강성교"
crotch_rope,0,0,"가랑이밧줄,크로치로프,도구","가랑이 사이로 지나는 밧줄"
condom_on_penis,0,0,"음경콘돔,콘돔온페니스,도구","음경에 씌운 콘돔"
panty_straps,0,0,"팬티끈,팬티스트랩,노출","드러난 팬티 끈"
naked_sweater,0,0,"스웨터만입음,네이키드스웨터,노출,의상","속옷 없이 스웨터만 입음"
breastless_clothes,0,0,"가슴드러난옷,브레스트리스클로즈,노출","가슴 부분이 트인 옷"
sitting_on_face,0,0,"얼굴에앉기,페이스시팅,체위","상대 얼굴에 앉음"
stray_pubic_hair,0,0,"삐져나온음모,스트레이퍼빅헤어,노출","옷 밖으로 삐져나온 음모"
vibrator_under_clothes,0,0,"옷속바이브,바이브레이터언더클로즈,도구","옷 속에 숨긴 진동 기구"
mating_press,0,0,"메이팅프레스,접어누르기,체위","다리를 접어 위에서 누르는 체위"
rei_no_himo,0,0,"레이노히모,끈수영복,노출","국부만 가리는 끈 수영복"
thigh_sex,0,0,"허벅지성교,싸이섹스,행위","허벅지 사이로 하는 성행위"
onee-loli,0,0,"연상로리,오네로리,인원","연상이지만 어려 보이는 캐릭터"
striped_bra,0,0,"줄무늬브라,스트라이프브라,노출,의상","줄무늬 브래지어"
hand_on_another's_ass,0,0,"타인엉덩이에손,핸드온애스,행위","다른 사람의 엉덩이에 손을 댐"
twitching_penis,0,0,"꿈틀대는음경,트위칭페니스,노출","꿈틀거리는 음경"
suspension,0,0,"매달기,서스펜션,도구","끈으로 공중에 매달기"
see-through_skirt,0,0,"비치는치마,시스루스커트,노출","속이 비치는 치마"
holding_panties,0,0,"팬티듦,홀딩팬티,노출","팬티를 손에 듦"
cum_on_legs,0,0,"다리에사정,컴온레그,분비물","다리에 묻은 정액"
g-string,0,0,"지스트링,끈팬티,노출,의상","끈으로 된 G스트링"
impregnation,0,0,"임신시키기,임프레그네이션,행위","임신시키는 행위"
blur_censor,0,0,"흐림검열,블러검열,노출","흐림 처리로 가린 검열"
bound_ankles,0,0,"묶인발목,바운드앵클,도구","끈으로 묶인 발목"
naked_jacket,0,0,"재킷만입음,네이키드재킷,노출,의상","속옷 없이 재킷만 입음"
breast_slip,0,0,"가슴흘러나옴,브레스트슬립,노출","옷 밖으로 흘러나온 가슴"
bandaid_on_pussy,0,0,"음부반창고,밴드온푸시,노출","음부를 가린 반창고"
after_ejaculation,0,0,"사정직후,애프터이젝큘레이션,행위","사정 직후 상태"
fellatio_gesture,0,0,"펠라치오손짓,펠라제스처,행위","구강성교를 흉내낸 손짓"
urethra,0,0,"요도,유레스라,노출","요도"
futa_with_male,0,0,"후타와남성,푸타위드멜,체위","후타나리와 남성의 성행위"
cum_on_male,0,0,"남성에게사정,컴온멜,분비물","남성에게 묻은 정액"
hadanugi_dousa,0,0,"한쪽어깨벗은기모노,하다누기,노출","한쪽 어깨를 벗어내린 기모노"
cum_on_penis,0,0,"음경에정액,컴온페니스,분비물","음경에 묻은 정액"
anal_fingering,0,0,"항문손가락,애널핑거링,행위","항문에 손가락을 넣음"
black_pubic_hair,0,0,"검은음모,블랙퍼빅헤어,노출","검은색 음모"
asphyxiation,0,0,"질식,에스픽시에이션,행위","목이 졸려 질식함"
phimosis,0,0,"포경,파이모시스,노출","포피가 덮인 음경"
stripper_pole,0,0,"스트리퍼폴,봉춤기둥,도구","봉춤용 기둥"
cervix,0,0,"자궁경부,서빅스,행위","자궁경부 묘사"
tribadism,0,0,"트리바디즘,여성비비기,체위","여성끼리 음부를 비빔"
sleep_molestation,0,0,"수면중추행,슬립몰레스테이션,행위","잠든 사람을 추행함"
cat_ear_panties,0,0,"고양이귀팬티,캣이어팬티,노출,의상","고양이 귀 장식 팬티"
see-through_leotard,0,0,"비치는레오타드,시스루레오타드,노출,의상","속이 비치는 레오타드"
humiliation,0,0,"굴욕,휴밀리에이션,행위","성적 굴욕을 당함"
steam_censor,0,0,"김검열,스팀센서,노출","김으로 가린 검열"
see-through_legwear,0,0,"비치는다리의상,시스루레그웨어,노출","속이 비치는 다리 의상"
clothed_female_nude_female,0,0,"여성착의여성나체,씨에프엔에프,체위","한쪽은 옷을 입고 다른 여성은 나체"
negligee,0,0,"네글리제,얇은란제리,노출,의상","비치는 얇은 란제리"
hand_in_panties,0,0,"팬티속손,핸드인팬티,행위","팬티 속에 넣은 손"
lace_bra,0,0,"레이스브라,레이스브라,노출,의상","레이스 브래지어"
bit_gag,0,0,"빗개그,재갈,도구","말처럼 입에 무는 재갈"
leotard_pull,0,0,"레오타드당김,레오타드풀,노출","레오타드를 잡아당김"
cheating_(relationship),0,0,"외도,바람,치팅,행위","연인 몰래 바람피움"
clothes_down,0,0,"옷끌어내림,클로즈다운,노출","옷을 아래로 끌어내림"
open-chest_sweater,0,0,"가슴트인스웨터,오픈체스트스웨터,노출,의상","가슴 부분이 트인 스웨터"
veiny_breasts,0,0,"핏줄가슴,베이니브레스트,노출","핏줄이 도드라진 가슴"
have_to_pee,0,0,"요의참기,오모라시,행위","소변을 참는 상태"
crotchless_panties,0,0,"사타구니트인팬티,크로치리스팬티,노출,의상","사타구니가 트인 팬티"
licking_nipple,0,0,"젖꼭지핥기,리킹니플,행위","젖꼭지를 핥음"
censored_nipples,0,0,"젖꼭지검열,센서드니플,노출","젖꼭지를 가린 검열"
untied_panties,0,0,"풀린팬티,언타이드팬티,노출","끈이 풀린 팬티"
covering_nipples,0,0,"젖꼭지가림,커버링니플,노출","손 등으로 젖꼭지를 가림"
naked_coat,0,0,"코트만입음,네이키드코트,노출,의상","속옷 없이 코트만 입음"
teasing,0,0,"약올림,티징,행위","성적으로 약을 올림"
tape_gag,0,0,"테이프재갈,테이프개그,도구","입을 막은 테이프"
hitachi_magic_wand,0,0,"전동마사지기,히타치마사지봉,도구","막대형 전동 마사지 기구"
breasts_on_glass,0,0,"유리에눌린가슴,브레스트온글래스,노출","유리에 눌려 퍼진 가슴"
ovum,0,0,"난자,오붐,행위","난자 수정 묘사"
sparse_pubic_hair,0,0,"옅은음모,스파스퍼빅헤어,노출","드문드문한 음모"
skirt_around_one_leg,0,0,"한쪽다리치마,스커트원레그,노출","벗어 한쪽 다리에 걸친 치마"
convenient_arm,0,0,"팔로가림,컨비니언트암,노출","팔로 은밀한 곳을 가림"
straddling_paizuri,0,0,"걸터앉아파이즈리,스트래들링파이즈리,행위","걸터앉아 하는 파이즈리"
naked_bandage,0,0,"붕대만두름,네이키드밴디지,노출","붕대만으로 몸을 가림"
surrounded_by_penises,0,0,"음경에둘러싸임,서라운디드바이페니스,노출","여러 음경에 둘러싸임"
open_skirt,0,0,"열린치마,오픈스커트,노출","앞이 열린 치마"
aroused,0,0,"흥분,어라우즈드,행위","성적으로 흥분한 상태"
head_between_breasts,0,0,"가슴사이얼굴,헤드비트윈브레스트,노출","가슴 사이에 얼굴을 묻음"
breast_bondage,0,0,"가슴결박,브레스트본디지,도구","끈으로 가슴을 묶음"
fff_threesome,0,0,"여여여쓰리섬,에프에프에프,체위","여성 셋의 성행위"
multiple_condoms,0,0,"여러콘돔,멀티플콘돔,도구","여러 개의 콘돔"
prostitution,0,0,"매춘,프로스티튜션,행위","성을 사고파는 매춘"
bondage_outfit,0,0,"본디지의상,결박의상,도구","끈으로 묶는 본디지 의상"
strapless_bra,0,0,"끈없는브라,스트랩리스브라,노출,의상","어깨끈 없는 브라"
breast_curtain,0,0,"가슴가린천,브레스트커튼,노출","가슴을 가린 천"
open_pants,0,0,"풀어헤친바지,오픈팬츠,노출","단추·지퍼를 푼 바지"
handsfree_ejaculation,0,0,"무자극사정,핸즈프리이젝큘레이션,행위","손대지 않고 사정함"
puckered_anus,0,0,"오므린항문,퍼커드애너스,노출","오므린 항문"
selfcest,0,0,"셀프세스트,자기자신과,행위","자기 자신과의 성행위"
face_to_breasts,0,0,"가슴에얼굴,페이스투브레스트,노출","가슴에 얼굴을 댐"
crotch_rub,0,0,"사타구니비비기,크로치럽,행위","사타구니를 비빔"
excessive_cum,0,0,"과도한정액,익세시브컴,분비물","비현실적으로 많은 정액"
reach-around,0,0,"리치어라운드,뒤에서앞으로,행위","뒤에서 앞으로 손을 뻗어 자극"
futanari_masturbation,0,0,"후타나리자위,푸타마스터베이션,행위","후타나리의 자위"
perineum,0,0,"회음부,페리니엄,노출","회음부"
yellow_bra,0,0,"노란브라,옐로브라,노출,의상","노란색 브래지어"
69,0,0,"69체위,식스나인,체위","서로 머리와 하체를 맞댄 체위"
naked_sheet,0,0,"이불만두름,네이키드시트,노출","이불 한 장만 두른 알몸"
implied_futanari,0,0,"후타나리암시,임플라이드푸타,신체","후타나리임을 암시"
between_thighs,0,0,"허벅지사이,비트윈싸이,노출","허벅지 사이"
after_paizuri,0,0,"파이즈리후,애프터파이즈리,행위","파이즈리 직후 상태"
fertilization,0,0,"수정,퍼틸라이제이션,행위","난자가 수정되는 묘사"
mismatched_pubic_hair,0,0,"다른색음모,미스매치드퍼빅헤어,노출","머리색과 다른 색의 음모"
condom_packet_strip,0,0,"콘돔묶음,콘돔패킷,도구","길게 이어진 콘돔 묶음"
strap-on,0,0,"스트랩온,착용기구,도구","몸에 차는 자위 기구"
excessive_pubic_hair,0,0,"무성한음모,익세시브퍼빅헤어,노출","비현실적으로 무성한 음모"
through_clothes,0,0,"옷위로자극,스루클로즈,행위","옷 위로 자극함"
full_nelson,0,0,"풀넬슨,양팔결박체위,체위","양팔을 뒤로 건 채 들어 올린 체위"
open_bra,0,0,"풀어헤친브라,오픈브라,노출","앞을 푼 브라"
blank_censor,0,0,"단색검열,블랭크센서,노출","단색 바로 가린 검열"
twincest,0,0,"쌍둥이근친,트윈세스트,행위","쌍둥이 간의 성행위"
pet_play,0,0,"펫플레이,애완놀이,행위","애완동물 역할 플레이"
penis_out,0,0,"음경꺼냄,페니스아웃,노출","옷 밖으로 음경을 꺼냄"
pussy_juice_puddle,0,0,"애액웅덩이,푸시주스퍼들,분비물","바닥에 고인 애액"
spanking,0,0,"엉덩이때리기,스팽킹,행위","엉덩이를 때림"
artificial_vagina,0,0,"인공자위기구,오나홀,도구","남성용 인공 자위 기구"
stationary_restraints,0,0,"고정구속구,스테이셔너리리스트레인트,도구","바닥·벽에 고정하는 구속구"
dominatrix,0,0,"여왕님,도미나트릭스,행위","성행위를 지배하는 여성"
pectoral_grab,0,0,"가슴근육잡기,펙토럴그랩,행위","가슴 근육을 잡음"
budget_sarashi,0,0,"최소가슴천,버짓사라시,노출","최소한으로 가린 가슴 천"
large_testicles,0,0,"큰고환,라지테스티클,노출","크게 그려진 고환"
futa_with_futa,0,0,"후타끼리,푸타위드푸타,체위","후타나리끼리의 성행위"
cum_on_feet,0,0,"발에사정,컴온피트,분비물","발에 묻은 정액"
you're_doing_it_wrong,0,0,"잘못하는중,유아두잉잇롱,행위","엉뚱하게 하고 있다는 밈"
cupless_bra,0,0,"컵없는브라,컵리스브라,노출,의상","컵이 없어 가슴이 드러나는 브라"
inflation,0,0,"팽창,인플레이션,행위","몸이나 배가 부풀어 오름"
mole_on_ass,0,0,"엉덩이점,몰온애스,노출","엉덩이의 점"
jack-o'_challenge,0,0,"잭오챌린지,잭오포즈,노출","엎드려 엉덩이를 든 잭오 포즈"
open_robe,0,0,"풀어헤친로브,오픈로브,노출","앞을 풀어헤친 로브"
gusset,0,0,"팬티가랑이,거싯,노출","팬티 가랑이 부분"
cum_on_hands,0,0,"손에사정,컴온핸즈,분비물","손에 묻은 정액"
breasts_on_head,0,0,"머리위가슴,브레스트온헤드,노출","머리 위에 얹은 가슴"
penis_size_difference,0,0,"음경크기차이,페니스사이즈갭,노출","음경 크기 차이"
chocolate_on_body,0,0,"몸에초콜릿,초콜릿온바디,노출","몸에 바른 초콜릿"
clothed_masturbation,0,0,"착의자위,클로드마스터베이션,행위","옷을 입은 채 자위"
naked_cape,0,0,"망토만두름,네이키드케이프,노출,의상","망토만 두른 알몸"
imminent_fellatio,0,0,"구강성교직전,임미넌트펠라,행위","구강성교 직전 상태"
caressing_testicles,0,0,"고환애무,캐러싱테스티클,행위","고환을 애무함"
ribbon_bondage,0,0,"리본결박,리본본디지,도구","리본으로 묶는 결박"
viewer_holding_leash,0,0,"보는사람목줄,뷰어홀딩리쉬,행위","보는 사람이 목줄을 쥔 시점"
buttjob,0,0,"엉덩이성교,벗잡,행위","엉덩이로 하는 성행위"
polka_dot_bra,0,0,"물방울브라,도트브라,노출,의상","물방울무늬 브라"
girthy_penis,0,0,"굵은음경,거시페니스,노출","굵게 그려진 음경"
undressing_another,0,0,"타인벗기기,언드레싱어나더,행위","다른 사람의 옷을 벗김"
unworn_bikini_top,0,0,"벗은비키니상의,언원비키니탑,노출","벗어 둔 비키니 상의"
cloth_gag,0,0,"천재갈,클로스개그,도구","천으로 입을 막은 재갈"
tail_censor,0,0,"꼬리검열,테일센서,노출","꼬리로 은밀한 곳을 가린 검열"
micro_panties,0,0,"초소형팬티,마이크로팬티,노출,의상","극도로 작은 팬티"
large_insertion,0,0,"큰물체삽입,라지인서션,행위","큰 물체를 삽입함"
anilingus,0,0,"항문애무,애닐링구스,행위","혀로 하는 항문 애무"
in_the_face,0,0,"얼굴에,인더페이스,분비물","얼굴에 사정함"
horse_penis,0,0,"말음경,호스페니스,노출","말 형태의 음경"
ryona,0,0,"료나,가학묘사,행위","상대를 가학적으로 다루는 묘사"
grey_bra,0,0,"회색브라,그레이브라,노출,의상","회색 브래지어"
molestation,0,0,"추행,몰레스테이션,행위","몸을 더듬는 추행"
pussy_piercing,0,0,"음부피어싱,푸시피어싱,노출","음부에 한 피어싱"
breast_smother,0,0,"가슴으로누름,브레스트스모더,행위","가슴으로 얼굴을 감쌈"
suspended_congress,0,0,"들어올린체위,서스펜디드콩그레스,체위","상대를 들어 올린 채 하는 체위"
projectile_lactation,0,0,"뿜는모유,프로젝타일락테이션,분비물","뿜어져 나오는 모유"
invisible_penis,0,0,"보이지않는음경,인비저블페니스,행위","음경을 그리지 않고 행위만 묘사"
lube,0,0,"윤활제,루브,도구","성행위용 윤활제"
pointless_condom,0,0,"의미없는콘돔,포인트리스콘돔,도구","끼지 않고 둔 의미없는 콘돔"
phallic_symbol,0,0,"남근상징,팰릭심볼,노출","남근을 연상시키는 상징물"
blonde_pubic_hair,0,0,"금색음모,블론드퍼빅헤어,노출","금색 음모"
oral_invitation,0,0,"입벌려유혹,오럴인비테이션,행위","입을 벌려 받아들이려는 유혹"
spread_pussy_under_clothes,0,0,"옷위로벌린음부,스프레드푸시언더클로즈,노출","옷 위로 음부를 벌림"
light_areolae,0,0,"옅은유륜,라이트아레올라,노출","옅은 색 유륜"
ass_ripple,0,0,"출렁이는엉덩이,애스리플,노출","흔들려 출렁이는 엉덩이"
arm_between_breasts,0,0,"가슴사이팔,암비트윈브레스트,노출","가슴 사이로 지나는 팔"
cooperative_paizuri,0,0,"협동파이즈리,쿠퍼러티브파이즈리,행위","여럿이 함께 하는 파이즈리"
sex_machine,0,0,"성행위기계,섹스머신,도구","성행위용 기계 장치"
voyeurism,0,0,"관음,보이어리즘,행위","몰래 훔쳐봄"
stepped_on,0,0,"밟힘,스텝드온,행위","발로 밟히는 상황"
covered_penis,0,0,"옷위음경,커버드페니스,노출","옷 위로 드러난 음경 윤곽"
dark_penis,0,0,"어두운음경,다크페니스,노출","어두운 색 음경"
naked_kimono,0,0,"흘러내린기모노,네이키드기모노,노출,의상","흘러내려 알몸이 드러난 기모노"
shimaidon_(sex),0,0,"자매동,시마이돈,체위","자매와 함께하는 성행위"
print_bra,0,0,"무늬브라,프린트브라,노출,의상","무늬가 있는 브라"
fingering_through_clothes,0,0,"옷위로손가락,핑거링스루클로즈,행위","옷 위로 손가락으로 자극"
ass_cutout,0,0,"엉덩이컷아웃,애스컷아웃,노출","엉덩이가 드러나게 뚫린 옷"
thighhighs_pull,0,0,"니삭스당김,싸이하이풀,노출","허벅지 양말을 잡아당김"
mesugaki,0,0,"메스가키,건방진여자,인원","건방진 말투의 어린 여자"
vibrator_under_panties,0,0,"팬티속바이브,바이브레이터언더팬티,도구","팬티 속에 숨긴 진동 기구"
naked_hoodie,0,0,"후디만입음,네이키드후디,노출,의상","속옷 없이 후디만 입음"
rough_sex,0,0,"거친성행위,러프섹스,행위","난폭하고 거친 성행위"
imminent_anal,0,0,"항문삽입직전,임미넌트애널,행위","항문 삽입 직전 상태"
masturbation_through_clothes,0,0,"옷위로자위,마스터베이션스루클로즈,행위","옷 위로 하는 자위"
after_rape,0,0,"강간직후,애프터레이프,행위","강간 직후 상태"
vibrator_cord,0,0,"바이브줄,바이브레이터코드,도구","진동 기구에 연결된 줄"
cum_on_self,0,0,"자기몸에사정,컴온셀프,분비물","자기 몸에 사정함"
anal_hair,0,0,"항문털,애널헤어,노출","항문 주변의 털"
frottage,0,0,"프로타주,몸비비기,행위","몸을 맞대고 비빔"
full-package_futanari,0,0,"완전형후타나리,풀패키지푸타,신체","남녀 성기를 모두 가진 후타나리"
aqua_panties,0,0,"청록팬티,아쿠아팬티,노출,의상","청록색 팬티"
tentacle_pit,0,0,"촉수구덩이,텐타클핏,도구","촉수가 가득한 구덩이"
futa_without_pussy,0,0,"음부없는후타,푸타위드아웃푸시,신체","음부 없이 음경만 있는 후타나리"
breast_cutout,0,0,"가슴컷아웃,브레스트컷아웃,노출","가슴이 드러나게 뚫린 옷"
dark_anus,0,0,"어두운항문,다크애너스,노출","어두운 색 항문"
bouncing_ass,0,0,"출렁이는엉덩이,바운싱애스,노출","흔들려 출렁이는 엉덩이"
looking_at_breasts,0,0,"가슴봄,룩킹앳브레스트,노출","가슴을 바라봄"
accidental_exposure,0,0,"실수노출,액시덴탈익스포저,노출","실수로 드러난 노출"
pornography,0,0,"포르노,포르노그래피,행위","노골적인 성적 콘텐츠"
light_censor,0,0,"빛검열,라이트센서,노출","빛으로 가린 검열"
guided_breast_grab,0,0,"가슴잡도록이끎,가이디드브레스트그랩,행위","상대 손을 가슴으로 이끎"
dildo_riding,0,0,"딜도걸터앉기,딜도라이딩,행위","딜도 위에 걸터앉음"
perpendicular_paizuri,0,0,"수직파이즈리,퍼펜디큘러파이즈리,행위","수직으로 하는 파이즈리"
breast_expansion,0,0,"가슴팽창,브레스트익스팬션,행위","가슴이 부풀어 커짐"
futa_on_male,0,0,"후타가남성에게,푸타온멜,체위","후타나리가 남성에게 삽입"
clitoris_piercing,0,0,"음핵피어싱,클리토리스피어싱,노출","음핵에 한 피어싱"
just_the_tip,0,0,"귀두만삽입,저스트더팁,행위","귀두 끝만 삽입한 상태"
heart_maebari,0,0,"하트국부가리개,하트마에바리,노출","하트 모양 국부 가리개"
milking_machine,0,0,"착유기,밀킹머신,도구","젖·정액을 짜는 기계"
long_labia,0,0,"긴음순,롱라비아,노출","길게 늘어진 음순"
no_testicles,0,0,"고환없음,노테스티클,노출","고환이 그려지지 않음"
penis_peek,0,0,"살짝보이는음경,페니스픽,노출","옷 사이로 살짝 보이는 음경"
kimono_pull,0,0,"기모노당김,기모노풀,노출","기모노를 잡아당김"
half-spread_pussy,0,0,"반쯤벌린음부,하프스프레드푸시,노출","손으로 반쯤 벌린 음부"
stealth_sex,0,0,"몰래성행위,스텔스섹스,행위","들키지 않게 몰래 하는 성행위"
chocolate_on_breasts,0,0,"가슴에초콜릿,초콜릿온브레스트,노출","가슴에 바른 초콜릿"
sperm_cell,0,0,"정자세포,스펌셀,행위","헤엄치는 정자 세포 묘사"
training_bra,0,0,"초보브라,트레이닝브라,노출,의상","처음 입는 작은 브라"
cum_in_clothes,0,0,"옷속사정,컴인클로즈,분비물","옷 속에 사정함"
ass_shake,0,0,"엉덩이흔들기,애스셰이크,노출","엉덩이를 흔듦"
stained_panties,0,0,"얼룩진팬티,스테인드팬티,노출","얼룩이 밴 팬티"
dark_areolae,0,0,"어두운유륜,다크아레올라,노출","어두운 색 유륜"
condom_belt,0,0,"콘돔벨트,콘돔띠,도구","콘돔을 끼운 벨트"
underbutt,0,0,"엉덩이아랫부분,언더벗,노출","드러난 엉덩이 아랫부분"
cross_pasties,0,0,"십자젖꼭지가리개,크로스파스티,노출","십자 모양 젖꼭지 가리개"
twitter_strip_game,0,0,"옷벗기기게임,트위터스트립게임,노출","리트윗 수에 따라 벗는 게임 밈"
brown_panties,0,0,"갈색팬티,브라운팬티,노출,의상","갈색 팬티"
pointy_breasts,0,0,"뾰족한가슴,포인티브레스트,노출","끝이 뾰족하게 그려진 가슴"
vibrator_in_thighhighs,0,0,"니삭스속바이브,바이브레이터인싸이하이,도구","허벅지 양말 속에 끼운 진동 기구"
side-tie_peek,0,0,"옆끈살짝보임,사이드타이픽,노출","옆끈 속옷이 살짝 보임"
colored_nipples,0,0,"색젖꼭지,컬러드니플,노출","색이 칠해진 젖꼭지"
tented_shirt,0,0,"솟은셔츠,텐티드셔츠,노출","젖꼭지로 솟아오른 셔츠"
orange_panties,0,0,"주황팬티,오렌지팬티,노출,의상","주황색 팬티"
huge_testicles,0,0,"거대고환,휴지테스티클,노출","매우 큰 고환"
breasts_on_table,0,0,"탁자에가슴,브레스트온테이블,노출","탁자 위에 얹은 가슴"
torn_panties,0,0,"찢어진팬티,톤팬티,노출","찢어진 팬티"
nipple_jewelry,0,0,"젖꼭지장신구,니플주얼리,노출","젖꼭지에 단 장신구"
crotchless_pantyhose,0,0,"사타구니트인스타킹,크로치리스팬티호스,노출,의상","사타구니가 트인 팬티스타킹"
hands_on_own_breasts,0,0,"자기가슴에손,핸즈온브레스트,노출","자기 가슴에 양손을 댐"
character_censor,0,0,"캐릭터검열,캐릭터센서,노출","다른 캐릭터로 가린 검열"
soap_censor,0,0,"비누거품검열,솝센서,노출","비누 거품으로 가린 검열"
upshorts,0,0,"반바지속,업쇼츠,노출","반바지 속이 보임"
nippleless_clothes,0,0,"젖꼭지구멍옷,니플리스클로즈,노출","젖꼭지 부분이 뚫린 옷"
crotch_cutout,0,0,"사타구니컷아웃,크로치컷아웃,노출","사타구니가 뚫린 옷"
plaid_panties,0,0,"체크팬티,플래드팬티,노출,의상","체크무늬 팬티"
legs_over_head,0,0,"다리머리위로,레그오버헤드,체위","다리를 머리 위로 넘긴 자세"
penises_touching,0,0,"맞닿은음경,페니스터칭,노출","서로 맞닿은 음경"
lactation_through_clothes,0,0,"옷위로모유,락테이션스루클로즈,분비물","옷 위로 스며 나온 모유"
holding_sex_toy,0,0,"성인용품듦,홀딩섹스토이,도구","성인용품을 손에 듦"
consensual_tentacles,0,0,"합의촉수,컨센슈얼텐타클,행위","합의 하에 하는 촉수 플레이"
nursing_handjob,0,0,"젖먹이며핸드잡,널싱핸드잡,행위","젖을 먹이며 하는 핸드잡"
knotted_penis,0,0,"혹달린음경,노티드페니스,노출","뿌리에 혹이 있는 동물형 음경"
toilet_use,0,0,"용변,토일렛유즈,분비물","변기에서 용변을 봄"
nearly_naked_apron,0,0,"거의알몸앞치마,니얼리네이키드에이프런,노출,의상","앞치마만 두른 거의 알몸"
condom_box,0,0,"콘돔상자,콘돔박스,도구","콘돔이 든 상자"
hoodie_lift,0,0,"후디들어올림,후디리프트,노출","후디를 들어 올림"
leash_pull,0,0,"목줄당김,리쉬풀,행위","목줄을 잡아당김"
tearing_clothes,0,0,"옷찢기,티어링클로즈,노출","옷을 찢음"
hand_under_shirt,0,0,"셔츠속손,핸드언더셔츠,행위","셔츠 속에 넣은 손"
vore,0,0,"보어,삼키기,행위","상대를 통째로 삼키는 묘사"
upshirt,0,0,"셔츠속,업셔츠,노출","셔츠 아래로 속이 보임"
strap_lift,0,0,"끈들어올림,스트랩리프트,노출","어깨끈을 들어 올림"
between_pectorals,0,0,"가슴근육사이,비트윈펙토럴,노출","남성 가슴 근육 사이"
wet_dress,0,0,"젖은드레스,웻드레스,노출","젖어서 비치는 드레스"
panties_on_head,0,0,"머리에팬티,팬티온헤드,노출","머리에 쓴 팬티"
cum_on_pussy,0,0,"음부에사정,컴온푸시,분비물","음부에 묻은 정액"
buruma_pull,0,0,"부르마당김,부르마풀,노출","체육 반바지를 잡아당김"
star_pasties,0,0,"별젖꼭지가리개,스타파스티,노출","별 모양 젖꼭지 가리개"
tentacles_under_clothes,0,0,"옷속촉수,텐타클언더클로즈,행위","옷 속에 들어간 촉수"
uncommon_stimulation,0,0,"특이한자극,언커먼스티뮬레이션,행위","흔치 않은 부위·방식의 자극"
objectification,0,0,"사물화,오브젝티피케이션,행위","사람을 사물처럼 다룸"
breastfeeding,0,0,"수유,브레스트피딩,분비물","젖을 먹임"
presenting_pussy,0,0,"음부내보임,프리젠팅푸시,노출","음부를 들어 내보임"
diaper,0,0,"기저귀,다이퍼,도구","기저귀"
precum_drip,0,0,"흘러내리는선주,프리컴드립,분비물","음경 끝에서 흐르는 선주"
torn_bodystocking,0,0,"찢어진보디스타킹,톤바디스타킹,노출,의상","찢어진 전신 스타킹"
pussy_juice_drip_through_clothes,0,0,"옷위로애액,푸시주스스루클로즈,분비물","옷 위로 스며 나온 애액"
they_had_lots_of_sex_afterwards_(meme),0,0,"이후많이함밈,섹스애프터워즈밈,행위","이후 많은 성행위를 했다는 밈"
spreader_bar,0,0,"다리벌림봉,스프레더바,도구","팔다리를 벌려 고정하는 봉"
cum_on_pectorals,0,0,"가슴근육사정,컴온펙토럴,분비물","가슴 근육에 묻은 정액"
open_bodysuit,0,0,"풀어헤친보디슈트,오픈바디수트,노출","앞을 푼 보디슈트"
hairjob,0,0,"머리카락자극,헤어잡,행위","머리카락으로 음경을 자극"
kissing_penis,0,0,"음경키스,키싱페니스,행위","음경에 입맞춤"
onii-shota,0,0,"연상남소년,오니쇼타,인원","연상 남성과 어린 소년"
naked_overalls,0,0,"멜빵바지만,네이키드오버롤,노출,의상","속옷 없이 멜빵바지만 입음"
cum_in_nose,0,0,"코에정액,컴인노즈,분비물","코에 들어간 정액"
two-handed_handjob,0,0,"양손핸드잡,투핸디드핸드잡,행위","양손으로 하는 핸드잡"
opened_by_self,0,0,"스스로옷벌림,오픈드바이셀프,노출","자기 손으로 옷을 벌림"
covering_ass,0,0,"엉덩이가림,커버링애스,노출","손으로 엉덩이를 가림"
guided_penetration,0,0,"삽입이끎,가이디드페네트레이션,행위","삽입을 손으로 이끎"
implied_fellatio,0,0,"구강성교암시,임플라이드펠라,행위","직접 묘사 없이 구강성교를 암시"
string_bra,0,0,"끈브라,스트링브라,노출,의상","끈으로 된 브라"
taimanin_suit,0,0,"타이마닌슈트,대마인슈트,노출,의상","노출이 많은 타이마닌 전신복"
forced_orgasm,0,0,"강제절정,포스드오르가즘,행위","강제로 절정에 이르게 함"
licking_armpit,0,0,"겨드랑이핥기,리킹암핏,행위","겨드랑이를 핥음"
tentacles_on_male,0,0,"남성촉수,텐타클온멜,행위","남성에게 휘감기는 촉수"
triple_penetration,0,0,"삼중삽입,트리플페네트레이션,체위","세 곳에 동시에 삽입"
nipple_clamps,0,0,"젖꼭지클램프,니플클램프,도구","젖꼭지를 집는 클램프"
masochism,0,0,"마조히즘,피학,행위","고통에서 쾌감을 느낌"
anal_fluid,0,0,"항문분비액,애널플루이드,분비물","항문에서 나온 분비액"
presenting_ass,0,0,"엉덩이내보임,프리젠팅애스,노출","엉덩이를 들어 내보임"
erect_clitoris,0,0,"발기음핵,이렉트클리토리스,노출","발기한 음핵"
vibrator_on_nipple,0,0,"젖꼭지바이브,바이브레이터온니플,도구","젖꼭지에 댄 진동 기구"
shorts_around_one_leg,0,0,"한쪽다리반바지,쇼츠어라운드원레그,노출","벗어 한쪽 다리에 걸친 반바지"
licking_foot,0,0,"발핥기,리킹풋,행위","발을 핥음"
dog_penis,0,0,"개음경,도그페니스,노출","개 형태의 음경"
pectoral_press,0,0,"가슴근육밀착,펙토럴프레스,행위","가슴 근육으로 밀착·압박"
implied_fingering,0,0,"손가락자극암시,임플라이드핑거링,행위","직접 묘사 없이 손가락 자극을 암시"
public_use,0,0,"공공도구취급,퍼블릭유즈,행위","공공 성도구처럼 취급"
urethral_insertion,0,0,"요도삽입,유레스랄인서션,행위","요도에 물체를 삽입"
virgin_destroyer_sweater,0,0,"버진디스트로이어,버진킬러스웨터변형,노출,의상","등과 옆이 깊게 트인 노출 스웨터"
testicle_sucking,0,0,"고환빨기,테스티클서킹,행위","고환을 빪"
kimono_lift,0,0,"기모노들어올림,기모노리프트,노출","기모노를 들어 올림"
multi-strapped_panties,0,0,"여러끈팬티,멀티스트랩팬티,노출,의상","끈이 여러 개인 팬티"
looking_through_own_legs,0,0,"다리사이로봄,룩킹스루레그,노출","허리 숙여 다리 사이로 봄"
naked_scarf,0,0,"목도리만두름,네이키드스카프,노출","목도리 하나만 두른 알몸"
cum_in_container,0,0,"용기에정액,컴인컨테이너,분비물","컵 등 용기에 담긴 정액"
male_underwear_pull,0,0,"남성속옷당김,멜언더웨어풀,노출","남성 속옷을 잡아당김"
breast_milk,0,0,"모유,브레스트밀크,분비물","가슴에서 나온 모유"
cum_inflation,0,0,"정액팽창,컴인플레이션,행위","정액으로 배가 부풀어 오름"
crotch_focus,0,0,"사타구니강조,크로치포커스,노출","사타구니를 강조한 구도"
gokkun,0,0,"정액삼키기,고쿤,행위","정액을 삼킴"
brown_bra,0,0,"갈색브라,브라운브라,노출,의상","갈색 브래지어"
back-print_panties,0,0,"뒷면무늬팬티,백프린트팬티,노출,의상","뒤에 글자·무늬가 있는 팬티"
simulated_fellatio,0,0,"구강성교흉내,시뮬레이티드펠라,행위","사물 등으로 구강성교를 흉내냄"
black_slingshot_swimsuit,0,0,"검은슬링샷수영복,블랙슬링샷,노출,의상","검은 끈 슬링샷 수영복"
penis_on_ass,0,0,"엉덩이에음경,페니스온애스,노출","엉덩이에 댄 음경"
scribble_censor,0,0,"낙서검열,스크리블센서,노출","낙서로 가린 검열"
oversized_breast_cup,0,0,"헐거운브라컵,오버사이즈드브레스트컵,노출,의상","가슴보다 큰 헐거운 브라컵"
mmm_threesome,0,0,"남남남쓰리섬,엠엠엠,체위","남성 셋의 성행위"
sadism,0,0,"사디즘,가학,행위","상대를 학대하며 쾌감을 느낌"
covered_testicles,0,0,"옷위고환,커버드테스티클,노출","옷 위로 드러난 고환 윤곽"
double_dildo,0,0,"양두딜도,더블딜도,도구","양쪽으로 쓰는 딜도"
food_on_breasts,0,0,"가슴위음식,푸드온브레스트,노출","가슴 위에 올린 음식"
apron_lift,0,0,"앞치마들어올림,에이프런리프트,노출","앞치마를 들어 올림"
gag_harness,0,0,"재갈하네스,개그하네스,도구","머리에 두르는 재갈 하네스"
plap,0,0,"성행위의성어,플랩,행위","살이 부딪히는 성행위 의성어"
aqua_bra,0,0,"청록브라,아쿠아브라,노출,의상","청록색 브래지어"
penis_over_eyes,0,0,"눈위음경,페니스오버아이즈,노출","눈을 덮은 음경"
sports_bra_lift,0,0,"스포츠브라들어올림,스포츠브라리프트,노출","스포츠 브라를 들어 올림"
skirt_flip,0,0,"치마들춰짐,스커트플립,노출","치마가 들춰져 속이 보임"
hand_in_own_panties,0,0,"자기팬티속손,핸드인팬티,행위","자기 팬티 속에 넣은 손"
leotard_peek,0,0,"레오타드살짝보임,레오타드픽,노출","옷 사이로 레오타드가 보임"
pubic_stubble,0,0,"짧은음모,퍼빅스터블,노출","짧게 깎인 음모"
humping,0,0,"비비기흉내,험핑,행위","엉덩이·하체를 비비는 흉내"
glory_wall,0,0,"글로리홀벽,글로리월,행위","구멍 뚫린 벽 너머로 하는 성행위"
ass-to-ass,0,0,"엉덩이맞대기,애스투애스,체위","서로 엉덩이를 맞댄 체위"
chained_wrists,0,0,"사슬묶인손목,체인드리스트,도구","사슬로 묶인 손목"
testicle_grab,0,0,"고환잡기,테스티클그랩,행위","고환을 잡음"
nipple_pull,0,0,"젖꼭지당김,니플풀,행위","젖꼭지를 잡아당김"
sling_bikini_top,0,0,"슬링비키니상의,슬링비키니탑,노출,의상","끈처럼 가린 슬링 비키니 상의"
emotionless_sex,0,0,"무감정성행위,이모션리스섹스,행위","감정 없이 하는 성행위"
ring_gag,0,0,"링개그,링재갈,도구","입을 벌린 채 고정하는 링 재갈"
pelvic_curtain_lift,0,0,"사타구니가리개들어올림,펠빅커튼리프트,노출","사타구니 가리개를 들어 올림"
panties_under_buruma,0,0,"부르마속팬티,팬티언더부르마,노출","체육 반바지 속에 입은 팬티"
tweaking_own_nipple,0,0,"자기젖꼭지비틀기,트위킹니플,행위","자기 젖꼭지를 비틂"
panty_lift,0,0,"팬티들어올림,팬티리프트,노출","팬티를 들어 올림"
clothed_male_nude_male,0,0,"남성착의남성나체,씨엠엔엠,체위","한쪽은 옷을 입고 다른 남성은 나체"
ero_guro,0,0,"에로그로,엽기,행위","성과 엽기를 결합한 묘사"
ball_and_chain_restraint,0,0,"쇠공족쇄,볼앤체인,도구","쇠공이 달린 족쇄"
white_pubic_hair,0,0,"흰음모,화이트퍼빅헤어,노출","흰색 음모"
buruma_aside,0,0,"부르마옆치움,부르마어사이드,노출","체육 반바지를 옆으로 치움"
futasub,0,0,"후타피지배,푸타섭,행위","피지배 위치의 후타나리"
cum_on_legwear,0,0,"양말에사정,컴온레그웨어,분비물","양말·스타킹에 묻은 정액"
virgin_killer_outfit,0,0,"버진킬러의상,버진킬러아웃핏,노출","등과 옆이 깊게 트인 노출 의상"
thong_aside,0,0,"끈팬티옆치움,통어사이드,노출","끈 팬티를 옆으로 치움"
huge_dildo,0,0,"거대딜도,휴지딜도,도구","매우 큰 딜도"
used_condom_on_penis,0,0,"음경에쓴콘돔,유즈드콘돔온페니스,도구","사용한 콘돔이 씌워진 음경"
plaid_bra,0,0,"체크브라,플래드브라,노출,의상","체크무늬 브라"
nudist,0,0,"누드,나체주의,누디스트,노출","옷을 입지 않은 나체"
bikini_bottom_pull,0,0,"비키니하의당김,비키니바텀풀,노출","비키니 하의를 잡아당김"
nipple_chain,0,0,"젖꼭지체인,니플체인,노출","양 젖꼭지를 잇는 체인"
handsfree_paizuri,0,0,"손안쓰는파이즈리,핸즈프리파이즈리,행위","손을 쓰지 않는 파이즈리"
breast_poke,0,0,"가슴찌르기,브레스트포크,행위","손가락으로 가슴을 찌름"
amazon_position,0,0,"아마존체위,아마존포지션,체위","여성이 위에서 웅크려 앉는 체위"
strawberry_panties,0,0,"딸기팬티,딸기무늬팬티,노출,의상","딸기 무늬 팬티"
presenting_breasts,0,0,"가슴내밀기,가슴보여주기,노출","손으로 가슴을 들어올려 보여주는 포즈"
cleave_gag,0,0,"재갈,입재갈,도구","천이나 끈을 입에 가로질러 묶은 재갈"
blue_pubic_hair,0,0,"파란음모,청색음모,노출","파란색 음모"
mutual_masturbation,0,0,"상호자위,서로자위,행위","두 캐릭터가 서로를 자위시키는 행위"
camisole_lift,0,0,"캐미솔올리기,캐미솔걷기,노출","캐미솔을 들어올려 속을 노출하는 포즈"
implied_masturbation,0,0,"암시적자위,자위암시,행위","직접 묘사 없이 자위행위를 암시하는 상황"
cum_on_eyewear,0,0,"안경에사정,안경에액체,분비물","안경 위에 정액이 묻은 상태"
crotch_grab,0,0,"사타구니잡기,불두덩잡기,행위","사타구니나 불두덩 부위를 잡는 행위"
unworn_bikini_bottom,0,0,"벗은비키니하의,들고있는비키니하의,노출,의상","착용하지 않고 들거나 옆에 둔 비키니 하의"
naked_tabard,0,0,"나체타바드,속빈타바드,노출","안에 아무것도 입지 않은 채 타바드만 걸친 상태"
satin_panties,0,0,"새틴팬티,공단팬티,노출,의상","새틴 소재의 팬티"
armpit_sex,0,0,"겨드랑이섹스,액와성교,체위","겨드랑이를 이용한 성행위"
glansjob,0,0,"귀두자위,귀두행위,행위","귀두 부위를 자극하는 성행위"
unworn_bikini,0,0,"벗은비키니,들고있는비키니,노출,의상","착용하지 않고 들거나 옆에 둔 비키니"
penis_in_panties,0,0,"팬티속음경,팬티속남성,노출","팬티 속에 음경이 들어간 상태"
covering_one_breast,0,0,"가슴한쪽가리기,가슴가리기,노출","한쪽 가슴만 가린 상태"
face_between_breasts,0,0,"가슴사이에얼굴,얼굴가슴사이,노출","가슴 사이에 얼굴이 끼워진 상태"
adjusting_panties,0,0,"팬티조정하기,팬티만지기,노출","팬티를 조정하거나 만지는 동작"
o-ring_swimsuit,0,0,"오링수영복,노출,의상","O링 연결 장식의 노출이 많은 수영복"
half-erect,0,0,"반발기,반기립,노출","음경이 절반쯤 발기된 상태"
white_garter_belt,0,0,"흰색가터벨트,화이트가터벨트,노출,의상","흰색 가터벨트"
shared_object_insertion,0,0,"공유삽입,같이삽입,행위","두 캐릭터가 같은 물체를 함께 삽입하는 행위"
white_babydoll,0,0,"흰베이비돌,흰색란제리,노출,의상","흰색 베이비돌 란제리"
one-piece_thong,0,0,"원피스끈팬티,노출,의상","끈 팬티 형태의 원피스 수영복이나 란제리"
penis_to_breast,0,0,"가슴에음경,행위","음경을 가슴에 대는 행위"
male_underwear_peek,0,0,"남성속옷노출,팬티위노출,노출","바지에서 남성 속옷이 살짝 보이는 상태"
bent_over_furniture,0,0,"가구에엎드림,체위","가구에 기대거나 엎드린 성적 체위"
red_male_underwear,0,0,"빨간남성속옷,노출,의상","빨간색 남성 속옷"
naked_cloak,0,0,"나체망토,알몸망토,노출","아무것도 입지 않고 망토만 두른 상태"
black_babydoll,0,0,"검은베이비돌,블랙란제리,노출,의상","검은색 베이비돌 란제리"
micro_bra,0,0,"마이크로브라,초소형브라지어,노출,의상","가슴을 거의 가리지 않는 초소형 브라"
after_masturbation,0,0,"자위후,사후자위,행위","자위 행위 후의 상태 묘사"
bound_torso,0,0,"몸통묶기,상체결박,도구","상체나 몸통이 묶인 상태"
smelling_clothes,0,0,"옷냄새맡기,옷스니핑,행위","옷의 냄새를 맡는 행위"
vertical-striped_panties,0,0,"세로줄팬티,세로스트라이프팬티,노출,의상","세로 줄무늬 팬티"
holding_bra,0,0,"브라들기,브래지어들기,노출,의상","브라를 손에 들고 있는 상태"
panties_under_shorts,0,0,"반바지속팬티,반바지아래속옷,노출","반바지 아래로 팬티가 보이는 상태"
gesugao,0,0,"게스가오,찡긋표정,노출","성적 행위 중 짓는 사악하고 의기양양한 표정"
front-hook_bra,0,0,"앞후크브라,앞잠금브라,노출,의상","앞부분에 후크가 있는 브라"
taut_swimsuit,0,0,"타이트수영복,밀착수영복,노출","몸에 밀착되어 윤곽이 드러나는 수영복"
covered_clitoris,0,0,"음핵덮기,음핵가리기,노출","음핵을 덮거나 가린 상태"
hair_between_breasts,0,0,"가슴사이머리카락,노출","가슴 사이로 머리카락이 늘어진 상태"
lolidom,0,0,"로리돔,어린캐릭터지배,행위","어린 외모의 캐릭터가 지배적 역할을 하는 행위"
muzzle_(mask),0,0,"머즐마스크,재갈마스크,도구","입을 가리는 마스크형 재갈"
object_on_breast,0,0,"가슴위물체,노출","가슴 위에 물체를 올려놓은 상태"
chikan,0,0,"치한,전철추행,행위","공공장소에서의 성추행 묘사"
nipple_cutout,0,0,"유두구멍,니플컷아웃,노출,의상","유두 부위에 구멍이 뚫린 의상"
frontless_outfit,0,0,"앞트임의상,앞노출의상,노출","앞부분이 완전히 노출된 의상"
foot_worship,0,0,"발숭배,발핥기,행위","발을 숭배하거나 핥는 발 페티시 행위"
reverse_spitroast,0,0,"역스핏로스트,체위","역 스핏로스트 성행위 체위"
table_humping,0,0,"테이블성행위,행위","테이블을 이용한 성행위"
cumdump,0,0,"컴덤프,행위","성적 대상화 행위 묘사"
fingering_through_panties,0,0,"팬티위핑거링,행위","팬티 위로 삽입하는 행위"
bust_cup,0,0,"가슴술잔,노출","가슴 사이에 술잔을 얹어 마시는 행위"
bralines,0,0,"브라라인,속옷라인,노출","옷 위로 비치는 브라 라인"
male_on_futa,0,0,"남성푸타섹스,체위","남성과 후타나리 캐릭터의 성행위 체위"
tape_bondage,0,0,"테이프결박,테이프본디지,도구","테이프로 묶는 속박 행위"
sexual_coaching,0,0,"성적코칭,행위","성행위를 지도하거나 코칭하는 장면"
covered_penetration,0,0,"가려진삽입,행위","덮인 상태에서의 삽입 행위"
bridal_lingerie,0,0,"신부란제리,웨딩란제리,노출,의상","신부 콘셉트의 란제리"
handjob_gesture,0,0,"핸드잡제스처,자위손동작,행위","핸드잡을 흉내 내는 손동작"
whip_marks,0,0,"채찍자국,매질자국,도구","채찍으로 맞아 생긴 자국"
licking_breast,0,0,"가슴핥기,가슴핥음,행위","가슴을 혀로 핥는 행위"
latex_leotard,0,0,"라텍스레오타드,고무레오타드,노출,의상","라텍스 소재의 레오타드"
dissolving_clothes,0,0,"녹아내리는옷,옷용해,노출","의상이 녹아 내려 신체가 노출되는 상황"
in_heat,0,0,"발정,욕정,행위","성적 흥분 상태나 발정 상태 묘사"
wakamezake,0,0,"와카메자케,몸술,행위","신체의 움푹한 부위에 술을 따라 마시는 행위"
hand_on_own_crotch,0,0,"사타구니에손,자신의사타구니,행위","자신의 사타구니에 손을 얹는 행위"
tape_on_nipples,0,0,"유두테이프,테이프유두가림,노출","유두 위에 테이프를 붙인 상태"
ass_tattoo,0,0,"엉덩이문신,노출","엉덩이에 새긴 문신"
paizuri_invitation,0,0,"파이즈리유혹,파이즈리초대,행위","파이즈리를 유혹하거나 초대하는 포즈"
penis_shadow,0,0,"음경그림자,노출","옷 위로 비치는 음경 실루엣"
fishnet_bodysuit,0,0,"피쉬넷바디수트,그물망바디,노출,의상","그물망 소재의 전신 바디수트"
stained_sheets,0,0,"더러워진시트,분비물시트,분비물","성관계 후 분비물이 묻은 침대 시트"
undersized_breast_cup,0,0,"작은브라컵,컵오버플로우,노출","가슴에 비해 작은 브라 컵"
hogtie,0,0,"호그타이,돼지묶기,도구","팔다리를 등 뒤로 묶는 속박 방식"
hair_over_one_breast,0,0,"한쪽가슴머리카락,노출","머리카락이 한쪽 가슴 위를 덮은 상태"
foreplay,0,0,"전희,행위","성행위 전 준비 행위"
orange_bra,0,0,"주황색브라,오렌지브라,노출,의상","주황색 브라"
red_pubic_hair,0,0,"빨간음모,붉은음모,노출","빨간색 음모"
chastity_cage,0,0,"정조대,체스티티케이지,도구","남성 성기를 가두는 정조 장치"
anal_only,0,0,"항문만,항문전용,체위","항문만을 이용한 성행위"
see-through_panties,0,0,"시스루팬티,투명팬티,노출,의상","비쳐 보이는 얇은 팬티"
pearl_thong,0,0,"진주끈팬티,노출,의상","진주 장식이 달린 끈 팬티"
blue_male_underwear,0,0,"파란남성속옷,노출,의상","파란색 남성 속옷"
cock_ring,0,0,"음경링,코크링,도구","음경에 착용하는 링 형태의 성인용 도구"
reverse_fellatio,0,0,"역펠라티오,행위","거꾸로 위에서 아래로 하는 펠라티오 행위"
translucent_bunnysuit,0,0,"반투명버니수트,노출,의상","비쳐 보이는 반투명 버니걸 수트"
transparent_censoring,0,0,"투명모자이크,노출","신체 아래가 보이는 투명 모자이크 처리"
mole_on_pussy,0,0,"음부점,노출","외음부에 있는 점"
josou_seme,0,0,"죠소세메,크로스드레싱우위,행위","여장을 하면서 지배적 역할을 하는 캐릭터"
flat_chest_grab,0,0,"평평한가슴잡기,행위","평평한 가슴을 잡거나 움켜쥐는 행위"
saliva_on_penis,0,0,"음경에침,노출","음경 위에 침이 묻은 상태"
nipple-to-nipple,0,0,"유두대유두,노출","두 캐릭터의 유두가 닿는 상태"
assisted_rape,0,0,"보조강간,행위","제3자가 도움을 주어 이루어지는 성적 강제 행위"
heart-shaped_boob_challenge,0,0,"하트가슴챌린지,행위","가슴을 하트 모양으로 만드는 챌린지 행위"
lipstick_mark_on_penis,0,0,"음경에립스틱자국,노출","음경에 남은 립스틱 자국"
cervical_penetration,0,0,"자궁경부삽입,체위","자궁경부까지 삽입하는 성행위 체위"
oyakodon_(sex),0,0,"오야코동섹스,모녀삼자,체위","어머니와 딸이 함께 하는 성행위 체위"
small_nipples,0,0,"작은유두,노출","작고 섬세한 유두 묘사"
presenting_removed_panties,0,0,"팬티제시,벗은팬티제시,노출","방금 벗은 팬티를 보여주는 행위"
padlocked_collar,0,0,"자물쇠목걸이,잠금칼라,도구","자물쇠로 잠긴 굴종 표시 목줄"
cum_through_clothes,0,0,"옷위정액,옷통과정액,분비물","옷 위로 비치거나 통과한 정액 묘사"
armbinder,0,0,"팔결박,모노글로브,도구","양팔을 등 뒤로 묶는 단일 슬리브 형태의 속박 도구"
hand_in_another's_panties,0,0,"팬티속손,행위","상대방의 팬티 안에 손을 넣는 행위"
futanari_pov,0,0,"후타나리POV,노출","후타나리 캐릭터 시점의 성적 묘사"
panties_over_pantyhose,0,0,"팬티스타킹위팬티,노출,의상","팬티스타킹 위에 입은 팬티"
purple_pubic_hair,0,0,"보라색음모,노출","보라색 음모"
penis_measuring,0,0,"음경측정,행위","음경의 크기를 측정하는 행위"
penis_tentacle,0,0,"음경촉수,행위","음경 역할을 하는 촉수"
excessive_pussy_juice,0,0,"과도한애액,분비물","과다하게 분비된 질 분비물"
dark_labia,0,0,"어두운대음순,노출","어두운 색의 대음순 묘사"
tucked_penis,0,0,"음경숨기기,노출","음경을 다리 사이나 속옷으로 숨긴 상태"
front-print_panties,0,0,"앞면프린트팬티,노출,의상","앞면에 무늬나 그림이 있는 팬티"
implied_after_sex,0,0,"성관계후암시,행위","성관계 직후 상황을 암시하는 묘사"
vibrator_in_thigh_strap,0,0,"허벅지진동기,도구","허벅지 스트랩에 고정된 진동 장치"
wooden_horse,0,0,"나무말,도구","BDSM 고문 도구인 나무말"
crotchless_pants,0,0,"사타구니없는바지,노출","사타구니 부분이 없는 바지"
covered_anus,0,0,"가려진항문,노출","항문이 보이나 무언가로 덮인 상태"
panties_over_garter_belt,0,0,"가터벨트위팬티,노출,의상","가터 벨트 위에 팬티를 착용한 상태"
licking_testicle,0,0,"고환핥기,행위","고환을 핥는 행위"
dry_humping,0,0,"옷위성행위,건조마찰,행위","옷을 입은 상태로 성적으로 마찰하는 행위"
front-tie_bra,0,0,"앞묶음브라,노출,의상","앞에서 끈으로 묶는 브라"
o-ring_harness,0,0,"오링하네스,도구","O링이 달린 BDSM 바디 하네스"
carried_breast_rest,0,0,"가슴베개이동,행위","이동 중 상대방의 가슴을 베개처럼 베는 행위"
bear_panties,0,0,"곰팬티,노출,의상","곰 무늬가 있는 팬티"
rape_face,0,0,"강간표정,행위","성적 강제 행위 시 짓는 특유의 표정"
piledriver_(sex),0,0,"파일드라이버체위,체위","다리를 들어올려 성기를 삽입하는 성행위 체위"
ascot_between_breasts,0,0,"가슴사이에아스콧,노출","아스콧 타이가 드러난 가슴 사이에 끼인 상태"
glands_of_montgomery,0,0,"몽고메리선,유두선,노출","유두 주변에 있는 몽고메리 분비선 묘사"
nipple_rub,0,0,"유두마찰,행위","유두를 문지르거나 비비는 행위"
brown_pubic_hair,0,0,"갈색음모,노출","갈색 음모"
penis_on_pussy,0,0,"음경대음부,행위","음경을 음부에 대는 행위"
smegma,0,0,"스메그마,분비물","생식기 분비물인 스메그마 묘사"
penis_under_another's_clothes,0,0,"옷속음경,행위","상대방의 옷 속에 음경을 집어넣는 행위"
implied_cunnilingus,0,0,"구강성교암시,행위","구강 성교를 암시하는 묘사"
pov_across_bed,0,0,"침대위POV,행위","침대를 가로질러 보는 성적 시점 구도"
grey_male_underwear,0,0,"회색남성속옷,노출,의상","회색 남성 속옷"
smelling_penis,0,0,"음경냄새맡기,행위","음경의 냄새를 맡는 행위"
naked_capelet,0,0,"나체케이프,노출","아무것도 입지 않고 케이프만 두른 상태"
mutual_orgasm,0,0,"상호오르가즘,행위","두 캐릭터가 동시에 오르가즘에 도달하는 행위"
ass_press,0,0,"엉덩이누르기,행위","엉덩이를 유리나 물체에 밀착시키는 행위"
queen_of_spades_symbol,0,0,"스페이드퀸심볼,행위","특정 성적 선호를 나타내는 스페이드 퀸 마킹"
enema,0,0,"관장,도구","장내에 액체를 주입하는 관장 도구나 행위"
cum_bubble,0,0,"정액거품,분비물","정액 거품 묘사"
backless_panties,0,0,"뒤없는팬티,노출,의상","엉덩이가 완전히 드러나는 팬티"
ejaculation_under_clothes,0,0,"옷속사정,분비물","의상 안쪽으로 사정하는 상황"
see-through_one-piece_swimsuit,0,0,"시스루원피스수영복,노출,의상","비쳐 보이는 반투명 원피스 수영복"
latex_thighhighs,0,0,"라텍스허벅지스타킹,노출,의상","라텍스 소재의 허벅지 스타킹"
box_tie,0,0,"박스타이결박,도구","등 뒤로 팔을 묶는 박스타이 로프 결박"
black_bustier,0,0,"검은뷔스티에,노출,의상","검은색 뷔스티에 속옷"
heart_panties,0,0,"하트팬티,노출,의상","하트 무늬가 있는 팬티"
penis_over_one_eye,0,0,"한쪽눈위음경,노출","음경을 한쪽 눈 위에 위치시킨 상태"
zenra,0,0,"젠라,완전나체,노출","일체의 의상 없이 완전히 벌거벗은 상태"
pee_stain,0,0,"소변얼룩,분비물","소변이 묻거나 새어 생긴 얼룩"
food_insertion,0,0,"음식삽입,행위","음식을 성기에 삽입하는 행위"
cum_on_floor,0,0,"바닥에정액,분비물","바닥에 흩어진 정액"
pectoral_docking,0,0,"가슴맞대기,행위","두 캐릭터의 가슴을 서로 맞대는 행위"
pussy_focus,0,0,"음부포커스,노출","음부를 클로즈업하거나 부각시킨 구도"
c-string,0,0,"C스트링,노출,의상","앞부분만 가리는 C 모양의 극소 속옷"
public_vibrator,0,0,"공공진동기,도구","공공장소에서 사용하는 진동 장치"
glory_hole,0,0,"글로리홀,행위","벽의 구멍을 통한 성행위"
breast_pillow,0,0,"가슴베개,행위","가슴을 베개로 사용하는 행위"
cum_on_fingers,0,0,"손가락에정액,분비물","손가락에 묻은 정액"
face_in_ass,0,0,"얼굴을엉덩이에묻기,행위","얼굴을 상대의 엉덩이 사이에 묻는 행위"
torn_bikini,0,0,"찢어진비키니,노출","찢어지거나 손상되어 신체가 노출된 비키니"
cum_in_cup,0,0,"컵에정액,분비물","컵에 담긴 정액"
two-tone_panties,0,0,"투톤팬티,노출,의상","두 가지 색상으로 된 팬티"
white_slingshot_swimsuit,0,0,"흰색슬링샷수영복,노출,의상","신체를 거의 가리지 않는 흰색 슬링샷 수영복"
naizuri,0,0,"나이즈리,행위","평평하거나 작은 가슴을 이용한 유사 파이즈리 행위"
just_shoes,0,0,"신발만착용,노출","신발만 착용하고 아무것도 입지 않은 상태"
implied_paizuri,0,0,"파이즈리암시,행위","파이즈리를 암시하는 묘사"
boyshort_panties,0,0,"보이숏팬티,노출,의상","반바지형 여성 팬티"
condom_left_inside,0,0,"콘돔속에남김,도구","성관계 후 콘돔을 몸 안에 남긴 상태"
o-ring_panties,0,0,"오링팬티,노출,의상","O링 장식이 달린 팬티"
covering_chest,0,0,"가슴가리기,노출","팔이나 손으로 노출된 가슴을 가리는 상태"
spreading_another's_pussy,0,0,"상대음부벌리기,행위","상대방의 음부를 손으로 벌리는 행위"
shorts_aside,0,0,"반바지를옆으로치기,노출","반바지를 옆으로 당겨 생식기를 노출하는 상태"
blue_nipples,0,0,"파란유두,노출","파란색으로 묘사된 유두"
cbt,0,0,"고환고문,도구","음경과 고환에 가하는 고통 행위(CBT)"
multiple_anal,0,0,"다중항문,체위","복수의 음경이나 물체를 동시에 항문에 삽입하는 체위"
vertical-striped_bra,0,0,"세로줄브라,노출,의상","세로 줄무늬 브라"
tenga,0,0,"텐가,도구","남성용 자위기구 텐가"
penis_on_head,0,0,"머리위음경,노출","머리 위에 올려진 음경"
black_pasties,0,0,"검은색패스티,노출","가슴을 가리기 위해 붙이는 검은색 패스티(유두 스티커)"
shaped_pubic_hair,0,0,"모양음모,노출","특정 모양으로 정돈된 음모"
grey_pubic_hair,0,0,"회색음모,노출","회색 음모"
bikini_top_pull,0,0,"비키니탑당기기,노출","비키니 탑을 아래로 당겨 가슴을 드러내는 상태"
sucking_male_nipple,0,0,"남성유두빨기,행위","남성의 유두를 빨거나 핥는 행위"
pussy_cutout,0,0,"음부컷아웃,노출","의상의 음부 부위가 노출된 컷아웃"
cum_on_back,0,0,"등에정액,분비물","등에 묻은 정액"
penetration_gesture,0,0,"삽입제스처,행위","손가락으로 삽입을 묘사하는 성적 제스처"
cooperative_handjob,0,0,"합동수음,행위","두 명 이상이 협력하여 음경을 수음하는 행위"
colored_condom,0,0,"색깔콘돔,도구","색이 있는 콘돔"
human_furniture,0,0,"인간가구,도구","사람을 가구처럼 사용하는 BDSM 행위"
bouncing_penis,0,0,"튀는음경,노출","흔들리거나 튀는 음경 묘사"
virgin,0,0,"처녀성,행위","첫 경험이나 순결을 잃는 행위 묘사"
penis_on_stomach,0,0,"배위음경,노출","복부 위에 올려진 음경"
bikini_around_one_leg,0,0,"한쪽다리비키니,노출","비키니 하의를 한쪽 다리 주변에 걸친 노출 상태"
green_pubic_hair,0,0,"초록색음모,노출","초록색 음모"
undone_bra,0,0,"풀린브라,노출","풀리거나 벗겨진 브라"
kupaa,0,0,"쿠파아,노출","음부를 벌려 내부를 드러내는 자세"
tailjob,0,0,"꼬리수음,행위","꼬리로 음경을 자극하는 행위"
nipple_penetration,0,0,"유두삽입,행위","유두에 이물질을 삽입하는 행위"
underwear_writing,0,0,"속옷글씨,노출","속옷에 쓰여진 글씨"
extra_penises,0,0,"다수음경,노출","정상보다 많은 복수의 음경"
happy_facial,0,0,"행복한얼굴샷,분비물","얼굴에 사정된 상태를 즐거워하는 묘사"
viewer_on_leash,0,0,"시청자목줄,도구","시청자 시점에서 목줄에 묶여 끌리는 구도"
hand_milking,0,0,"손착유,행위","손으로 음경을 착유하듯 수음하는 행위"
head_between_thighs,0,0,"허벅지사이에머리,행위","성적 목적으로 허벅지 사이에 머리를 넣는 행위"
gigantic_penis,0,0,"거대음경,노출","비정상적으로 거대한 음경"
sexual_harassment,0,0,"성희롱,행위","성적 희롱이나 부적절한 성적 접촉 행위"
reverse_nursing_handjob,0,0,"역수유핸드잡,행위","수유 포즈로 감싸 안으며 동시에 수음하는 행위"
naked_paint,0,0,"나체페인팅,노출","나체에 페인트를 칠한 상태"
bound_thighs,0,0,"묶인허벅지,도구","허벅지를 묶어 고정한 상태"
pussy_juice_on_fingers,0,0,"손가락에애액,분비물","손가락에 묻은 여성의 애액"
animal_sexualization,0,0,"동물성적화,행위","동물을 성적으로 묘사한 이미지"
ribbon_between_breasts,0,0,"가슴사이리본,노출","노출된 가슴 사이를 묶은 리본"
prostate_milking,0,0,"전립선마사지,행위","전립선을 자극하여 사정을 유도하는 행위"
naked_chocolate,0,0,"나체초콜릿,노출","나체에 초콜릿을 바른 상태"
bikini_tug,0,0,"비키니잡아당기기,노출","비키니를 잡아당겨 신체를 드러내는 상태"
autofacial,0,0,"자기얼굴사정,분비물","자신의 얼굴에 사정하는 행위"
female_ejaculation_through_clothes,0,0,"옷위로여성사정,분비물","옷을 통과해 여성의 분비물이 나오는 상태"
whale_tail_(clothing),0,0,"웨일테일,노출","바지 위로 팬티 허리밴드가 보이는 상태"
dildo_under_panties,0,0,"팬티속딜도,도구","팬티 속에 딜도를 넣은 상태"
thigh_straddling,0,0,"허벅지타기,행위","성적 목적으로 상대의 허벅지를 타는 행위"
spiked_penis,0,0,"가시달린음경,노출","가시나 돌기가 있는 음경"
fingering_from_behind,0,0,"뒤에서손가락넣기,행위","뒤에서 손가락으로 음부를 자극하는 행위"
bulge_to_ass,0,0,"불룩함이엉덩이에,노출","성기 불룩함이 엉덩이에 닿는 상태"
testicle_peek,0,0,"고환노출,노출","옷 밖으로 슬쩍 보이는 고환"
precum_string,0,0,"사전사정줄,분비물","음경에서 늘어지는 사전 분비물 줄기"
nudist_beach_uniform,0,0,"누디스트비치유니폼,킬라킬,노출","킬라킬의 누디스트 비치 조직의 노출 유니폼"
buttjob_over_clothes,0,0,"옷위항문접촉,행위","옷 위로 엉덩이로 음경을 자극하는 행위"
untied_bikini_top,0,0,"풀린비키니탑,노출","끈이 풀린 비키니 탑으로 가슴이 드러난 상태"
hand_on_own_penis,0,0,"자기음경에손,노출","자신의 음경에 손을 얹은 상태"
undone_sarashi,0,0,"풀린사라시,노출","가슴을 감싸던 사라시(헝겊)가 풀린 상태"
throat_bulge,0,0,"목불룩함,행위","목구멍 안에 이물질이 있어 목이 불룩한 상태"
ribbon-trimmed_bra,0,0,"리본트림브라,노출,의상","리본으로 장식된 브라"
pegging,0,0,"페깅,행위","스트랩온 딜도로 남성의 항문을 삽입하는 행위"
breasts_day,0,0,"가슴의날,노출","4월 6일 가슴의 날을 기념한 가슴 노출 묘사"
bloomers_pull,0,0,"블루머내리기,노출","블루머를 내려 신체를 드러내는 상태"
tentacle_grab,0,0,"촉수잡기,행위","촉수가 신체를 잡거나 조이는 성적 묘사"
shibari_under_clothes,0,0,"옷속시바리,도구","의상 안에 숨겨진 시바리 노출 묶기"
panties_around_ankles,0,0,"발목팬티,노출","발목까지 내려온 팬티"
naked_necktie,0,0,"나체넥타이,노출","넥타이만 착용한 나체 상태"
open_pajamas,0,0,"열린파자마,노출","앞이 열려 상체가 드러난 파자마"
okamoto_condoms,0,0,"오카모토콘돔,도구","오카모토 브랜드의 콘돔"
x-ray_vision,0,0,"엑스레이시야,노출","옷 속을 투시해 보는 듯한 효과"
loose_bikini,0,0,"헐거운비키니,노출,의상","헐거워져 흘러내리는 비키니"
bikini_in_mouth,0,0,"입에문비키니,노출","벗은 비키니 조각을 입에 문 상태"
tickle_torture,0,0,"간지럼고문,행위","간지럼을 이용한 고문 행위"
double_anal,0,0,"이중항문삽입,체위","항문에 두 개를 동시에 삽입하는 체위"
chastity_belt,0,0,"정조대,도구","성적 접근을 막는 정조대"
bed_invitation,0,0,"침대로유혹,행위","침대로 유혹하는 자세나 손짓"
precum_through_clothes,0,0,"옷위로사전사정,분비물","옷 위로 배어나온 사전 분비물"
ass_smack,0,0,"엉덩이때리기,행위","엉덩이를 손으로 때리는 행위"
pink_babydoll,0,0,"분홍베이비돌,노출,의상","분홍색 베이비돌 란제리"
implied_incest,0,0,"근친암시,행위","근친 관계를 암시하는 묘사"
cleavage_reach,0,0,"가슴골에손넣기,행위","가슴골 사이로 손이나 물건을 넣는 행위"
adjusting_bra,0,0,"브라매만지기,노출","브라를 매만지거나 고쳐 입는 동작"
fisting,0,0,"피스팅,행위","손 전체를 삽입하는 행위"
imminent_gangbang,0,0,"윤간직전,행위","여러 명에게 곧 성행위를 당할 상황"
clitoris_ring,0,0,"음핵링,도구","음핵에 착용한 피어싱 링"
foot_on_head,0,0,"발을머리위에,행위","발로 상대의 머리를 짓누르는 지배적 행위"
standing_missionary,0,0,"선채정상위,체위","선 자세의 정상위 체위"
scissorhold,0,0,"다리조르기,행위","다리로 상대를 조이는 헤드시저스"
penis_ribbon,0,0,"음경리본,노출","음경에 묶인 리본"
frilled_garter,0,0,"프릴가터벨트,노출,의상","프릴이 달린 가터벨트"
hand_under_swimsuit,0,0,"수영복속손,행위","수영복 안으로 손을 넣는 행위"
foot_pussy,0,0,"발로음부표현,노출","발 모양으로 음부를 연상시키는 구도"
food_between_breasts,0,0,"가슴사이음식,노출","드러난 가슴 사이에 올려둔 음식"
breast_mousepad,0,0,"가슴마우스패드,도구","가슴 모양의 마우스패드"
bike_shorts_pull,0,0,"바이크쇼츠내리기,노출","바이크 쇼츠를 내려 신체를 드러내는 상태"
autoarousal,0,0,"자기흥분,행위","스스로를 성적으로 흥분시키는 행위"
changing_clothes,0,0,"옷갈아입기,노출","옷을 갈아입는 도중의 노출 상태"
standing_cunnilingus,0,0,"선채커닐링구스,체위","선 자세에서의 커닐링구스 체위"
extended_downblouse,0,0,"확장된다운블라우스,노출","가슴골 안쪽까지 깊게 보이는 다운블라우스"
cuddling_handjob,0,0,"안고손자위,행위","껴안은 채로 손으로 해주는 수음 행위"
view_between_legs,0,0,"다리사이시점,시점","다리 사이로 바라보는 시점"
no_male_underwear,0,0,"남성속옷없음,노출","남성 속옷을 입지 않은 상태"
naked_suspenders,0,0,"나체멜빵,노출","멜빵만 착용한 나체 상태"
prolapse,0,0,"탈장,노출","항문이나 장기가 밖으로 나온 노출 상태"
milking_handjob,0,0,"착유수음,행위","젖을 짜내듯 하는 수음 행위"
pink_pubic_hair,0,0,"분홍색음모,노출","분홍색 음모"
penis_piercing,0,0,"음경피어싱,도구","음경에 한 피어싱"
cum_on_armpits,0,0,"겨드랑이에정액,분비물","겨드랑이에 묻은 정액"
between_labia,0,0,"음순사이,노출","음순 사이를 강조한 구도"
jewel_butt_plug,0,0,"보석버트플러그,도구","보석 장식이 달린 항문 플러그"
hand_on_another's_crotch,0,0,"남의사타구니에손,행위","다른 캐릭터의 사타구니에 손을 대는 행위"
power_bottom,0,0,"파워바텀,행위","성행위에서 주도적인 삽입받는 역할"
green_male_underwear,0,0,"초록색남성속옷,노출,의상","초록색 남성용 속옷"
person_between_breasts,0,0,"가슴사이에얼굴,행위","드러난 가슴 사이에 얼굴을 묻은 행위"
cunnilingus_through_clothes,0,0,"옷위로커닐링구스,행위","옷 위로 하는 커닐링구스"
shirt_partially_removed,0,0,"셔츠일부벗음,노출","셔츠를 반쯤 벗어 신체가 드러난 상태"
foreskin_pull,0,0,"포피당기기,노출","음경 포피를 당기는 행위"
cupless_bikini,0,0,"컵없는비키니,노출,의상","가슴이 드러나는 컵 없는 비키니"
penis_out_of_frame,0,0,"음경이프레임밖,노출","음경이 화면 밖에 있음을 암시하는 구도"
breast_contest,0,0,"가슴크기대결,행위","가슴 크기를 겨루는 행위"
taker_pov,0,0,"삽입받는시점,시점","삽입을 받는 쪽의 시점"
mons_pubis,0,0,"불두덩,노출","생식기 위쪽의 불두덩"
bouncing_testicles,0,0,"흔들리는고환,노출","움직임에 따라 흔들리는 고환"
torso_flash,0,0,"상체노출,노출","순간적으로 드러낸 상체"
breasts_on_tray,0,0,"쟁반위가슴,노출","쟁반에 올려놓은 듯 연출한 가슴"
cum_on_chest,0,0,"가슴에정액,분비물","가슴에 묻은 정액"
removing_bra,0,0,"브라벗기,노출","브라를 벗는 행위"
fellatio_under_mask,0,0,"가면속펠라티오,행위","가면이나 베일 속에서 하는 펠라티오"
clothed_after_sex,0,0,"정사후옷입음,행위","성행위 후 다시 옷을 입은 상태"
forced,0,0,"강제,행위","강제로 이루어지는 비합의 행위"
ofuda_on_pussy,0,0,"음부에부적,노출","음부에 붙인 부적"
cat_o'_nine_tails,0,0,"구미채찍,도구","아홉 가닥으로 된 채찍"
pelvic_curtain_aside,0,0,"골반커튼치우기,노출","골반을 가리는 커튼형 의상을 옆으로 치운 상태"
labia_piercing,0,0,"음순피어싱,도구","음순에 한 피어싱"
naked_robe,0,0,"나체가운,노출","속에 아무것도 입지 않고 걸친 가운"
bikini_top_aside,0,0,"비키니탑치우기,노출","비키니 탑을 옆으로 치워 가슴을 드러낸 상태"
dildo_under_clothes,0,0,"옷속딜도,도구","옷 속에 착용한 딜도"
top_pull,0,0,"상의내리기,노출","상의를 내려 신체를 드러내는 상태"
cuntboy,0,0,"여성기소년,노출","남성 외형이지만 여성 생식기를 가진 캐릭터"
ass_peek,0,0,"엉덩이살짝노출,노출","살짝 엿보이는 엉덩이"
ribbon-trimmed_panties,0,0,"리본트림팬티,노출,의상","리본으로 장식된 팬티"
tentacle_in_mouth,0,0,"입속촉수,행위","입 안에 삽입된 촉수"
ribbed_panties,0,0,"골지팬티,노출,의상","골지 무늬 팬티"
panties_around_one_ankle,0,0,"한쪽발목팬티,노출","한쪽 발목까지 내려온 팬티"
self_breast_sucking,0,0,"자가가슴빨기,행위","스스로 자신의 가슴을 빠는 행위"
upright_restraints,0,0,"직립구속대,도구","선 자세로 몸을 구속하는 기구"
stealth_masturbation,0,0,"몰래자위,행위","다른 사람 몰래 하는 자위 행위"
lace-trimmed_garter_belt,0,0,"레이스가터벨트,노출,의상","레이스로 장식된 가터벨트"
swimsuit_lift,0,0,"수영복들어올리기,노출","수영복을 들어올려 신체를 드러내는 상태"
cuffs-to-collar,0,0,"수갑목줄연결,도구","수갑을 목줄에 연결한 구속구"
covered_pussy,0,0,"가려진음부,노출","가려졌지만 강조된 음부"
too_many_sex_toys,0,0,"너무많은성인용품,도구","한꺼번에 사용된 여러 성인용품"
torn_bra,0,0,"찢어진브라,노출,의상","찢어진 브라"
male_underwear_aside,0,0,"남성속옷치우기,노출","남성 속옷을 옆으로 치워 노출한 상태"
reverse_netorare,0,0,"역NTR,행위","상대가 자신의 연인을 빼앗는 역NTR 관계"
panties_on_penis,0,0,"팬티로음경자극,행위","팬티로 음경을 자극하는 행위"
large_bulge,0,0,"큰불룩함,노출","옷 위로 두드러지는 큰 성기 윤곽"
reverse_footjob,0,0,"리버스풋잡,행위","반대 자세로 하는 발을 이용한 자극 행위"
head_on_ass,0,0,"엉덩이베개,행위","엉덩이를 베개처럼 베고 눕는 행위"
pajamas_pull,0,0,"파자마당기기,노출","파자마를 당겨 신체를 드러내는 상태"
foot_on_another's_face,0,0,"남의얼굴에발,행위","다른 캐릭터의 얼굴에 발을 올린 지배적 행위"
frontal_wedgie,0,0,"앞쪽위지,노출","속옷이 앞으로 깊게 파고든 상태"
heart-shaped_pubic_hair,0,0,"하트모양음모,노출","하트 모양으로 정돈된 음모"
see-through_bikini,0,0,"비치는비키니,노출,의상","속이 비치는 비키니"
mind_break,0,0,"마인드브레이크,행위","과도한 쾌락으로 정신이 붕괴된 상태"
clitoris_slip,0,0,"음핵슬립,노출","의상 밖으로 살짝 드러난 음핵"
tailcoat_playboy_bunny,0,0,"연미복바니걸,노출,의상","연미복 형태의 바니걸 의상"
single_legwear_garter,0,0,"한쪽가터벨트,노출,의상","한쪽 다리에만 착용한 가터벨트"
scat,0,0,"스캇,분비물","배설물을 이용한 성적 묘사"
multiple_insertions,0,0,"다중삽입,체위","여러 곳에 동시에 삽입하는 체위"
bust_measuring,0,0,"가슴크기재기,행위","줄자로 가슴 크기를 재는 행위"
ovaries,0,0,"난소,노출","여성의 내부 생식기관 난소"
naked_skirt,0,0,"나체스커트,노출","스커트만 입고 상체가 나체인 상태"
liquid_clothes,0,0,"액체의상,노출","액체로 이루어져 신체가 비치는 의상"
hand_under_skirt,0,0,"치마속손,행위","치마 속으로 손을 넣는 행위"
frilled_babydoll,0,0,"프릴베이비돌,노출,의상","프릴이 달린 베이비돌 란제리"
bulge_press,0,0,"불룩함누르기,행위","옷 위로 성기 불룩함을 누르는 행위"
bite_mark_on_breast,0,0,"가슴이빨자국,노출","드러난 가슴에 남은 이빨 자국"
shoejob,0,0,"신발자극,행위","신발로 성기를 자극하는 행위"
see-through_bra,0,0,"비치는브라,노출,의상","속이 비치는 브라"
male_with_breasts,0,0,"가슴있는남성,노출","가슴이 발달한 남성 캐릭터"
after_fingering,0,0,"손가락삽입후,분비물","손가락 삽입 행위 이후의 상태"
naked_dogeza,0,0,"나체도게자,노출","나체로 엎드려 사죄하는 자세"
cum_in_panties,0,0,"팬티속정액,분비물","팬티 안에 묻은 정액"
human_toilet,0,0,"인간변기,행위","사람을 변기처럼 이용하는 행위"
cream_on_body,0,0,"몸에크림,노출","몸에 바른 크림"
underwear_theft,0,0,"속옷도둑,행위","속옷을 훔치는 행위"
ball_busting,0,0,"고환가격,행위","고환을 가격하는 행위"
fanning_crotch,0,0,"사타구니부채질,행위","사타구니를 부채질해 식히는 행위"
between_buttocks,0,0,"엉덩이사이노출,노출","엉덩이 사이 골을 강조한 노출"
ruined_for_marriage,0,0,"결혼생활망침,행위","극도의 쾌락으로 다른 상대는 만족 못하게 됨을 뜻하는 표현"
red_slingshot_swimsuit,0,0,"빨간슬링샷수영복,노출,의상","신체를 거의 가리지 않는 빨간색 슬링샷 수영복"
fundoshi_aside,0,0,"훈도시치우기,노출","일본 전통 훈도시를 옆으로 치워 노출한 상태"
ofuda_on_nipples,0,0,"유두에부적,노출","유두에 붙인 부적"
aphrodisiac,0,0,"최음제,도구","성적 흥분을 유발하는 최음제"
breasts_on_another's_back,0,0,"남의등에가슴,노출","다른 캐릭터의 등에 밀착한 드러난 가슴"
latex_dress,0,0,"라텍스드레스,노출,의상","라텍스 소재의 몸에 밀착하는 드레스"
implied_handjob,0,0,"손자위암시,행위","손으로 하는 자위 행위를 암시하는 구도"
cuffed,0,0,"수갑채워짐,도구","수갑이 채워진 상태"
print_male_underwear,0,0,"무늬남성속옷,노출,의상","무늬가 있는 남성용 속옷"
pectoral_squeeze,0,0,"가슴근육쥐어짜기,행위","가슴 근육을 쥐어짜는 행위"
multiple_vaginal,0,0,"다중질삽입,체위","질에 여러 개를 동시에 삽입하는 체위"
cat_panties,0,0,"고양이팬티,노출,의상","고양이 무늬 팬티"
teabag,0,0,"티백,행위","고환을 상대의 얼굴에 대는 행위"
rabbit_vibrator,0,0,"토끼진동기,도구","토끼 모양의 진동 성인용품"
purple_nipples,0,0,"보라색유두,노출","보라색으로 묘사된 유두"
censored_food,0,0,"음식으로검열,노출","음식으로 신체 부위를 가린 검열"
foreskin_insertion,0,0,"포피삽입,노출","포피 안에 삽입하는 행위"
wet_spot,0,0,"젖은자국,분비물","애액이나 정액으로 젖은 자국"
sounding,0,0,"사운딩,도구","요도에 기구를 삽입하는 사운딩"
imminent_paizuri,0,0,"파이즈리직전,행위","곧 파이즈리를 하려는 상황"
iced_latte_with_breast_milk_(meme),0,0,"모유아이스라떼,분비물","모유를 넣은 아이스라떼 밈"
open_bikini,0,0,"풀린비키니,노출,의상","끈이 풀려 열린 비키니"
ass_on_glass,0,0,"유리에엉덩이,노출","유리에 밀착시킨 엉덩이"
multicolored_panties,0,0,"다색팬티,노출,의상","여러 색으로 된 팬티"
bra_slip,0,0,"브라흘러내림,노출","브라끈이 흘러내려 드러난 상태"
colored_pussy,0,0,"색칠된음부,노출","색이 강조된 음부"
oiled,0,0,"오일바름,노출","피부에 오일을 발라 광택이 나는 상태"
held_down,0,0,"제압당함,행위","몸이 눌려 제압당한 상태"
belly-to-belly,0,0,"배맞대기,체위","서로 배를 맞댄 체위"
strip_game,0,0,"스트립게임,행위","지면 옷을 벗는 게임"
good_ass_day,0,0,"좋은엉덩이의날,노출","엉덩이가 돋보이는 날을 기념하는 밈"
reverse_grip_handjob,0,0,"역방향손자위,행위","손을 반대로 잡고 하는 수음 행위"
giving_birth,0,0,"출산,행위","출산 장면을 다룬 묘사"
paizuri_on_lap,0,0,"무릎위파이즈리,체위","무릎에 앉은 자세의 파이즈리"
wet_male_underwear,0,0,"젖은남성속옷,노출,의상","물에 젖어 비치는 남성 속옷"
hymen,0,0,"처녀막,노출","여성의 처녀막"
tentaclejob,0,0,"촉수자극,행위","촉수로 성기를 자극하는 행위"
constriction,0,0,"조이기구속,도구","몸을 조여 구속하는 행위"
public_masturbation,0,0,"공공장소자위,행위","공공장소에서 하는 자위 행위"
penis_milking,0,0,"음경착유,행위","음경을 자극해 사정을 유도하는 행위"
strap_break,0,0,"끈끊어짐,노출","옷의 끈이 끊어져 노출된 상태"
snake_bondage,0,0,"뱀구속,도구","뱀을 이용한 신체 구속"
rusty_trombone,0,0,"러스티트롬본,행위","항문 자극과 펠라티오를 동시에 하는 행위"
other_with_male,0,0,"남성과이종,행위","남성과 이종족 간의 성적 관계"
nipple_indents,0,0,"유두자국,노출","옷 위로 드러나는 유두 자국"
mole_on_crotch,0,0,"사타구니점,노출","사타구니 부위의 점"
head_under_skirt,0,0,"치마속머리,행위","치마 속에 머리를 넣는 행위"
corset_piercing,0,0,"코르셋피어싱,도구","피부에 코르셋처럼 엮은 피어싱"
tonguejob,0,0,"혀자극,행위","혀로 성기를 자극하는 행위"
see-through_bodysuit,0,0,"비치는바디수트,노출,의상","속이 비치는 바디수트"
orgasm_denial,0,0,"오르가즘거부,행위","절정을 억지로 참게 하는 행위"
downpants,0,0,"바지속손,행위","바지 속으로 손을 넣는 행위"
blue_slingshot_swimsuit,0,0,"파란슬링샷수영복,노출,의상","신체를 거의 가리지 않는 파란색 슬링샷 수영복"
pony_play,0,0,"포니플레이,도구","말 역할을 하는 BDSM 플레이"
human_chair,0,0,"인간의자,도구","사람을 의자처럼 이용하는 행위"
crotchless_leotard,0,0,"밑트임레오타드,노출,의상","사타구니 부분이 뚫린 레오타드"
t-back,0,0,"티백,노출,의상","끈만 남은 형태의 속옷"
skinny_dipping,0,0,"알몸수영,노출","옷을 입지 않고 하는 수영"
pantyhose_around_one_leg,0,0,"한쪽다리팬티스타킹,노출","한쪽 다리에만 걸쳐진 팬티스타킹"
hand_in_pants,0,0,"바지안에손,행위","바지 안에 손을 넣는 행위"
embroidered_bra,0,0,"자수브라,노출,의상","자수 장식이 있는 브라"
red_garter_straps,0,0,"빨간가터스트랩,노출,의상","빨간색 가터 스트랩"
ass_freckles,0,0,"엉덩이주근깨,노출","엉덩이에 있는 주근깨"
tape_maebari,0,0,"테이프검열,노출","생식기를 테이프로 가린 검열"
long_nipples,0,0,"긴유두,노출","길게 늘어난 유두"
piercing_through_clothes,0,0,"옷너머피어싱,노출","옷 너머로 비치는 피어싱"
tentacle_clothes,0,0,"촉수의상,노출","촉수로 이루어져 신체가 비치는 의상"
handjob_over_clothes,0,0,"옷위로손자위,행위","옷 위로 하는 손 자위 행위"
after_cunnilingus,0,0,"커닐링구스후,행위","커닐링구스 행위 이후의 상태"
urine_meter,0,0,"소변측정기,도구","소변량을 측정하는 기구"
panties_in_mouth,0,0,"입에문팬티,노출","벗은 팬티를 입에 문 상태"
nipple_torture,0,0,"유두고문,행위","유두를 자극하는 고문 행위"
studded_garter_belt,0,0,"스터드가터벨트,노출,의상","스터드 장식이 달린 가터벨트"
nipple_bells,0,0,"유두방울,도구","유두에 착용한 방울 장신구"
backless_pants,0,0,"엉덩이노출바지,노출,의상","뒤쪽이 뚫려 엉덩이가 드러나는 바지"
newhalf_with_male,0,0,"뉴하프와남성,행위","트랜스젠더와 남성의 성적 관계"
lipstick_mark_on_testicles,0,0,"고환에립스틱자국,노출","고환에 남은 립스틱 자국"
rope_marks,0,0,"밧줄자국,노출","밧줄로 묶인 흔적"
buruma_around_one_leg,0,0,"한쪽다리브루마,노출","한쪽 다리에만 걸쳐진 브루마"
boy_and_girl_sandwich,0,0,"남녀샌드위치,체위","남녀 사이에 낀 삼자 체위"
naked_belt,0,0,"나체벨트,노출","벨트만 착용한 나체 상태"
presenting_another,0,0,"상대내보이기,행위","다른 캐릭터의 몸을 성적으로 내보이는 행위"
penetration_through_clothes,0,0,"옷위로삽입,행위","옷 위로 하는 삽입 행위"
implied_prostitution,0,0,"매춘암시,행위","매춘을 암시하는 묘사"
breast_pump,0,0,"유축기,도구","모유를 짜내는 유축기"
sexual_exercising,0,0,"성적운동,행위","성적 의미가 담긴 운동 자세"
rope_around_neck,0,0,"목에감긴밧줄,도구","목에 감긴 밧줄"
nyotaimori,0,0,"여체성반,행위","나체 위에 음식을 차려놓는 여체성반"
dress_aside,0,0,"드레스치우기,노출","드레스를 옆으로 치워 노출한 상태"
tramp_stamp,0,0,"허리문신,노출","허리 아래쪽에 새긴 문신"
simulated_footjob,0,0,"모의발자극,행위","발로 자극하는 척 흉내내는 행위"
male_lactation,0,0,"남성수유,분비물","남성의 가슴에서 나오는 모유"
paizuri_over_clothes,0,0,"옷위로파이즈리,행위","옷 위로 하는 파이즈리"
nipple_press,0,0,"유두누르기,행위","유두를 눌러 자극하는 행위"
vibrator_in_anus,0,0,"항문진동기,도구","항문에 삽입한 진동기"
kneepit_sex,0,0,"오금성행위,체위","무릎 뒤 오금 사이로 하는 성행위"
gag_around_neck,0,0,"목에건재갈,도구","목에 걸어둔 재갈"
soapland,0,0,"소프란드,행위","일본식 성매매 업소 소프란드를 다룬 묘사"
shelf_bra,0,0,"쉘프브라,노출,의상","유두가 드러나는 쉘프 브라"
predicament_bondage,0,0,"딜레마구속,도구","움직이면 고통이 커지는 구속 상태"
head_pinned_down,0,0,"머리제압,행위","머리를 눌러 제압하는 행위"
floating_breasts,0,0,"떠있는가슴,노출","물리법칙을 거스르며 떠 있는 듯한 가슴"
cunnilingus_gesture,0,0,"커닐링구스제스처,행위","커닐링구스를 암시하는 손짓"
untied_bikini_bottom,0,0,"풀린비키니하의,노출,의상","끈이 풀린 비키니 하의"
intravaginal_futanari,0,0,"질내사정후타나리,체위","후타나리 캐릭터의 질내 삽입"
censored_with_cum,0,0,"정액으로검열,분비물","정액으로 신체 부위를 가린 검열"
bondage_mittens,0,0,"구속벙어리장갑,도구","손을 움직이지 못하게 하는 구속용 벙어리장갑"
under_another's_clothes,0,0,"남의옷속에,행위","다른 캐릭터의 옷 속으로 손이나 몸을 넣는 행위"
neglect_play,0,0,"방치플레이,행위","상대를 의도적으로 무시하는 플레이"
tail_insertion,0,0,"꼬리삽입,체위","꼬리를 이용한 삽입 행위"
wireless_sex_toy_controller,0,0,"무선성인용품컨트롤러,도구","무선으로 조종하는 성인용품 조종기"
two-tone_bra,0,0,"투톤브라,노출,의상","두 가지 색으로 된 브라"
see-through_camisole,0,0,"비치는캐미솔,노출,의상","속이 비치는 캐미솔"
sex_toy_pull,0,0,"성인용품빼내기,도구","삽입된 성인용품을 빼내는 행위"
lipstick_mark_on_breast,0,0,"가슴에립스틱자국,노출","드러난 가슴에 남은 립스틱 자국"
knotting,0,0,"노팅,체위","동물 생식기 특유의 매듭이 지어지는 결합"
card_between_breasts,0,0,"가슴사이카드,노출","드러난 가슴 사이에 낀 카드"
over_the_nose_gag,0,0,"코까지덮는재갈,도구","코까지 덮는 형태의 재갈"
under_skirt,0,0,"치마속시점,시점","치마 속을 들여다보는 시점"
vaginal_prolapse,0,0,"질탈출,노출","질 내부 조직이 밖으로 나온 상태"
nose_hook,0,0,"코걸이,도구","코에 거는 구속 기구"
all_the_way_through,0,0,"관통,노출","꿰뚫듯 삽입되어 관통을 암시하는 극단적 묘사"
crotchless_swimsuit,0,0,"밑트임수영복,노출,의상","사타구니 부분이 뚫린 수영복"
covered_groin,0,0,"가려진사타구니,노출","옷 위로 드러나는 사타구니 윤곽"
adult_baby,0,0,"어덜트베이비,행위","성인이 아기 역할을 하는 플레이"
yellow_male_underwear,0,0,"노란남성속옷,노출,의상","노란색 남성용 속옷"
tanline_peek,0,0,"태닝자국살짝노출,노출","옷 사이로 살짝 보이는 태닝 자국"
naked_lab_coat,0,0,"나체가운백의,노출,의상","속에 아무것도 입지 않고 걸친 백의 가운"
mounting,0,0,"올라타기,체위","상대 위에 올라타는 체위"
x-ray_glasses,0,0,"투시안경,노출","옷 속을 투시해 보는 안경"
satin_bra,0,0,"새틴브라,노출,의상","새틴 소재의 브라"
cum_on_food,0,0,"음식에정액,분비물","음식 위에 묻은 정액"
dildo_gag,0,0,"딜도재갈,도구","음경 모양이 달린 재갈"
cum_in_navel,0,0,"배꼽속정액,분비물","배꼽에 고인 정액"
panty_tug,0,0,"팬티당기기,노출","팬티를 잡아당겨 노출하는 상태"
cleanup_fellatio,0,0,"뒤처리펠라티오,행위","사정 후 뒤처리로 하는 펠라티오"
rabbit_panties,0,0,"토끼팬티,노출,의상","토끼 무늬 팬티"
panties_day,0,0,"팬티의날,노출","팬티를 강조하는 날을 기념하는 밈"
pants_lift,0,0,"바지들어올리기,노출","바지를 들어올려 신체를 드러내는 상태"
unbuttoning,0,0,"단추풀기,노출","옷의 단추를 풀어 노출하는 행위"
suction_cup_dildo,0,0,"흡착판딜도,도구","바닥에 고정되는 흡착판이 달린 딜도"
see-through_skirt_layer,0,0,"비치는스커트겹,노출,의상","속이 비치는 스커트 겹"
pussy_jewelry,0,0,"음부장신구,도구","음부에 착용한 장신구"
zipper_bikini,0,0,"지퍼비키니,노출,의상","지퍼가 달린 비키니"
purple_slingshot_swimsuit,0,0,"보라슬링샷수영복,노출,의상","신체를 거의 가리지 않는 보라색 슬링샷 수영복"
x_anus,0,0,"X자항문,노출","X자 표시로 강조된 항문"
sarong_lift,0,0,"사롱들어올리기,노출","사롱을 들어올려 신체를 드러내는 상태"
nipple_tweak_through_clothes,0,0,"옷위로유두자극,행위","옷 위로 유두를 비틀어 자극하는 행위"
nipple_tassels,0,0,"유두태슬,노출,의상","유두를 가리는 술 장식"
bodysuit_pull,0,0,"바디수트당기기,노출","바디수트를 당겨 신체를 드러내는 상태"
newhalf_with_female,0,0,"뉴하프와여성,행위","트랜스젠더와 여성의 성적 관계"
hidden_camera,0,0,"몰래카메라,시점","몰래 촬영하는 카메라 시점"
anal_fisting,0,0,"항문피스팅,행위","손 전체를 항문에 삽입하는 행위"
double_vaginal,0,0,"이중질삽입,체위","질에 두 개를 동시에 삽입하는 체위"
breast_curtain_lift,0,0,"가슴가리개들기,노출","가슴을 가린 천을 들어올려 노출한 상태"
blue_babydoll,0,0,"파란베이비돌,노출,의상","파란색 베이비돌 란제리"
condom_wrapper_in_clothes,0,0,"옷속콘돔포장지,도구","옷 속에 넣어둔 콘돔 포장지"
reverse_ryona,0,0,"역료나,행위","여성이 남성에게 폭력을 가하는 역료나"
open_towel,0,0,"열린수건,노출","벌어져 신체가 드러나는 수건"
nipples_pressed_together,0,0,"유두맞대기,노출","드러난 유두를 서로 맞댄 상태"
naked_raincoat,0,0,"나체우비,노출,의상","속에 아무것도 입지 않고 걸친 우비"
simulated_paizuri,0,0,"모의파이즈리,행위","가슴이 아닌 것으로 흉내내는 파이즈리"
pecjob,0,0,"가슴근육자극,행위","남성의 가슴 근육으로 하는 자극 행위"
horse_dildo,0,0,"말딜도,도구","말 성기 모양의 딜도"
speculum,0,0,"검경,도구","질이나 항문을 벌리는 의료용 검경"
pov_peephole,0,0,"구멍시점,시점","엿보는 구멍을 통한 시점"
pectoral_lift,0,0,"가슴근육들어올리기,행위","가슴 근육을 들어올리는 행위"
fuck-me_shirt,0,0,"자극적문구셔츠,노출,의상","성적으로 자극적인 문구가 적힌 셔츠"
pull_out,0,0,"질외사정,행위","삽입 후 밖으로 빼내는 행위"
groping_motion,0,0,"만지는동작,행위","성적으로 만지는 동작"
double_breast_sucking,0,0,"양쪽가슴빨기,행위","양쪽 가슴을 동시에 빠는 행위"
sagging_testicles,0,0,"늘어진고환,노출","축 늘어진 고환"
hakama_lift,0,0,"하카마들어올리기,노출","하카마를 들어올려 신체를 드러내는 상태"
condom_thigh_strap,0,0,"허벅지콘돔스트랩,도구","허벅지에 콘돔을 끼운 스트랩"
saliva_swap,0,0,"침교환,행위","키스하며 침을 교환하는 행위"
presenting_anus,0,0,"항문내보이기,노출","항문을 시청자에게 내보이는 자세"
orange_pubic_hair,0,0,"주황색음모,노출","주황색 음모"
naked_cardigan,0,0,"나체가디건,노출,의상","가디건만 걸친 나체 상태"
underwater_sex,0,0,"수중성행위,체위","물속에서 하는 성행위"
av_idol,0,0,"AV배우,행위","성인 비디오 배우를 다룬 묘사"
spiked_dildo,0,0,"가시딜도,도구","가시가 달린 딜도"
hair_over_crotch,0,0,"사타구니가린머리카락,노출","사타구니를 가리는 머리카락"
anus_cutout,0,0,"항문컷아웃,노출,의상","항문 부위가 뚫린 의상"
piercing_pull,0,0,"피어싱당기기,행위","피어싱을 잡아당기는 행위"
implied_rape,0,0,"강간암시,행위","강간을 암시하는 묘사"
golden_shower,0,0,"골든샤워,분비물","소변을 이용한 성적 행위"
after_footjob,0,0,"발자극후,행위","발로 하는 자극 행위 이후의 상태"
cardigan_lift,0,0,"가디건들어올리기,노출","가디건을 들어올려 신체를 드러내는 상태"
extra_breasts,0,0,"여분의가슴,노출","정상보다 많은 여분의 가슴"
drinking_pee,0,0,"소변마시기,분비물","소변을 마시는 행위"
other_with_female,0,0,"여성과이종,행위","여성과 이종족 간의 성적 관계"
gimp_mask,0,0,"BDSM가면,도구","전신을 가리는 BDSM용 마스크"
biting_nipple,0,0,"유두깨물기,행위","유두를 깨무는 행위"
swimsuit_theft,0,0,"수영복도둑,행위","수영복을 훔치는 행위"
small_penis_humiliation,0,0,"작은음경모욕,행위","작은 음경을 조롱하는 행위"
smother,0,0,"질식시키기,행위","신체로 눌러 숨을 막는 행위"
panty_mask,0,0,"팬티가면,노출","팬티를 얼굴에 씌운 상태"
pantsing,0,0,"바지내리기,노출","다른 사람의 바지를 강제로 내리는 행위"
anal_invitation,0,0,"항문유혹,행위","항문 삽입을 유혹하는 자세"
whipping,0,0,"채찍질,도구","채찍으로 때리는 행위"
nipple_tag,0,0,"유두태그,노출","유두에 붙인 태그나 표식"
spreading_own_anus,0,0,"자기항문벌리기,노출","스스로 항문을 벌리는 행위"
slime_sex,0,0,"슬라임성행위,체위","슬라임과의 성행위"
over_the_mouth_gag,0,0,"입을덮는재갈,도구","입 전체를 덮는 재갈"
cum_on_figure,0,0,"피규어에정액,분비물","피규어에 묻은 정액"
single_handcuff,0,0,"한쪽수갑,도구","한쪽만 채워진 수갑"
cumdrip_onto_panties,0,0,"팬티위정액,분비물","팬티 위로 떨어지는 정액"
lactating_into_container,0,0,"용기에모유짜기,분비물","용기에 모유를 짜내는 행위"
eiserne_jungfrau,0,0,"아이언메이든,도구","가시가 박힌 고문 기구 아이언 메이든"
body_exploration,0,0,"몸탐색,행위","상대의 몸을 성적으로 탐색하는 행위"
pee_in_container,0,0,"용기에소변,분비물","용기에 담긴 소변"
cuntboy_with_male,0,0,"여성기소년과남성,행위","여성 생식기를 가진 캐릭터와 남성의 관계"
skirt_around_ankles,0,0,"발목까지내려온스커트,노출","발목까지 흘러내린 스커트"
group_incest,0,0,"집단근친,행위","여러 명이 관련된 근친 관계"
euphemism,0,0,"성적완곡표현,행위","성적인 내용을 완곡하게 표현한 문구"
undone_bikini,0,0,"풀린비키니,노출,의상","끈이 풀린 비키니"
multicolored_bra,0,0,"다색브라,노출,의상","여러 색으로 된 브라"
cooperative_grinding,0,0,"합동그라인딩,행위","여러 명이 함께 하는 그라인딩 행위"
bound_toes,0,0,"묶인발가락,도구","묶여 구속된 발가락"
stealth_fellatio,0,0,"몰래펠라티오,행위","다른 사람 몰래 하는 펠라티오"
mutual_fingering,0,0,"서로손가락삽입,행위","서로에게 손가락을 삽입해주는 행위"
footjob_over_clothes,0,0,"옷위로발자극,행위","옷 위로 발로 하는 자극 행위"
encasement,0,0,"신체감금,도구","전신을 소재로 감싸 구속하는 행위"
shirt_down,0,0,"셔츠내리기,노출","셔츠를 내려 신체를 드러내는 상태"
oral_sandwich,0,0,"오럴샌드위치,체위","두 사람이 동시에 펠라티오를 받는 체위"
food_in_ass,0,0,"항문에음식,노출","항문에 삽입된 음식"
embroidered_panties,0,0,"자수팬티,노출,의상","자수 장식이 있는 팬티"
bad_vulva,0,0,"음부작화오류,노출","잘못 그려진 음부 묘사"
fishnet_leotard,0,0,"그물무늬레오타드,노출,의상","그물 무늬의 비치는 레오타드"
coat_lift,0,0,"코트들어올리기,노출","코트를 들어올려 신체를 드러내는 상태"
cable_tie,0,0,"케이블타이,도구","케이블 타이로 만든 구속구"
bodystocking_only,0,0,"바디스타킹만,노출,의상","바디스타킹만 착용한 상태"
hand_under_shorts,0,0,"반바지속손,행위","반바지 속으로 손을 넣는 행위"
autofellatio,0,0,"자가펠라티오,행위","스스로 자신의 성기를 빠는 행위"
standing_double_penetration,0,0,"선채이중삽입,체위","선 자세에서의 이중 삽입 체위"
spreading,0,0,"다리벌리기,노출","다리를 벌려 음부를 드러내는 자세"
covered_fellatio,0,0,"가려진펠라티오,행위","천이나 옷으로 가려진 채 하는 펠라티오"
penis_under_mask,0,0,"가면아래음경,노출","가면 아래로 드러난 음경"
bulges_touching,0,0,"불룩함맞대기,노출","옷 위로 드러난 성기 불룩함을 서로 맞댄 상태"
nude_modeling,0,0,"누드모델,노출","나체로 모델을 서는 행위"
flat_chastity_cage,0,0,"납작정조대,도구","납작한 형태의 남성용 정조대"
cooperative_footjob,0,0,"합동발자극,행위","두 명 이상이 함께 발로 하는 자극 행위"
implied_ejaculation,0,0,"사정암시,분비물","사정을 암시하는 묘사"
tail_masturbation,0,0,"꼬리자위,행위","꼬리를 이용한 자위 행위"
gimp_suit,0,0,"BDSM전신수트,도구","전신을 감싸는 BDSM용 수트"
prostate,0,0,"전립선,노출","남성의 내부 생식기관 전립선"
adhesive_bra,0,0,"접착브라,노출,의상","끈 없이 붙이는 접착 브라"
squeezing_testicles,0,0,"고환쥐기,행위","고환을 쥐어 자극하는 행위"
paizuri_day,0,0,"파이즈리의날,행위","파이즈리를 기념하는 날 밈"
domination,0,0,"지배,행위","상대를 성적으로 지배하는 행위"
bridgeless_bra,0,0,"브릿지없는브라,노출,의상","가운데 다리가 없어 가슴골이 드러나는 브라"
slave_brand,0,0,"노예낙인,노출","노예임을 나타내는 낙인"
ass_worship,0,0,"엉덩이숭배,행위","엉덩이를 숭배하듯 애무하는 행위"
removing_pasties,0,0,"패스티벗기기,노출","유두를 가린 패스티를 떼어내는 행위"
premature_ejaculation,0,0,"조루,분비물","의도보다 빠르게 사정하는 상태"
extreme_gaping,0,0,"극단적벌어짐,노출","성기가 극단적으로 벌어진 상태"
dress_flip,0,0,"드레스뒤집기,노출","드레스를 뒤집어 신체를 드러내는 상태"
see-through_dress_layer,0,0,"비치는드레스겹,노출,의상","속이 비치는 드레스 겹"
necrophilia,0,0,"시체성애,행위","시체를 대상으로 한 성적 행위"
star_panties,0,0,"별팬티,노출,의상","별 무늬 팬티"
ribbon_as_bra,0,0,"리본브라,노출,의상","리본으로만 가린 브라 형태"
orange_male_underwear,0,0,"주황남성속옷,노출,의상","주황색 남성용 속옷"
cum_in_throat,0,0,"목구멍속정액,분비물","목구멍에 사정된 정액"
cum_in_footwear,0,0,"신발속정액,분비물","신발 안에 있는 정액"
camisole_pull,0,0,"캐미솔당기기,노출","캐미솔을 당겨 신체를 드러내는 상태"
urethral_beads,0,0,"요도구슬,도구","요도에 삽입하는 구슬형 기구"
plastic_wrap,0,0,"랩구속,도구","비닐 랩으로 몸을 감싸는 구속"
lipstick_mark_on_ass,0,0,"엉덩이에립스틱자국,노출","드러난 엉덩이에 남은 립스틱 자국"
breast_drop,0,0,"가슴드러남,노출","옷이 벗겨지며 가슴이 드러나는 순간"
purple_pasties,0,0,"보라색패스티,노출,의상","보라색 패스티(유두 스티커)"
extreme_dangling,0,0,"극단적흔들림,노출","과장되게 흔들리는 가슴"
reverse_nursing_fingering,0,0,"역수유손가락삽입,행위","수유 자세로 감싸며 손가락을 삽입하는 행위"
neckerchief_between_breasts,0,0,"가슴사이넥커치프,노출","드러난 가슴 사이에 낀 넥커치프"
implied_erection,0,0,"발기암시,노출","발기를 암시하는 묘사"
spread_anus_under_clothes,0,0,"옷속항문벌리기,노출","옷 속에서 항문을 벌린 상태"
restraints,0,0,"구속구,도구","몸을 구속하는 기구"
licking_cum,0,0,"정액핥기,분비물","정액을 핥는 행위"
hands_on_penis,0,0,"음경에손,노출","음경에 손을 대고 있는 상태"
forced_lactation,0,0,"강제수유,분비물","강제로 모유를 짜내는 행위"
bulge_lift,0,0,"불룩함들어올리기,노출","옷을 들어올려 성기 불룩함을 드러내는 상태"
smelling_underwear,0,0,"속옷냄새맡기,행위","속옷의 냄새를 맡는 행위"
imminent_cunnilingus,0,0,"커닐링구스직전,행위","곧 커닐링구스를 하려는 상황"
good_breasts_day,0,0,"좋은가슴의날,노출","가슴이 돋보이는 날을 기념하는 밈"
edging_underwear,0,0,"애태우는속옷,행위","성적 흥분을 지연시키며 자극하는 속옷 플레이"
clitoris_tweak,0,0,"음핵비틀기,행위","음핵을 비틀어 자극하는 행위"
implied_vibrator,0,0,"진동기암시,도구","진동기 사용을 암시하는 묘사"
cum_in_bowl,0,0,"그릇속정액,분비물","그릇에 담긴 정액"
latex_panties,0,0,"라텍스팬티,노출,의상","라텍스 소재의 팬티"
after_insertion,0,0,"삽입후,행위","삽입 행위 이후의 상태"
g-spot_stimulation,0,0,"G스팟자극,행위","G스팟을 자극하는 행위"
dildo_harness,0,0,"딜도하네스,도구","딜도를 착용하는 하네스"
swimsuit_tug,0,0,"수영복당기기,노출","수영복을 당겨 신체를 드러내는 상태"
spread_cleavage,0,0,"가슴골벌리기,노출","가슴골을 벌려 강조한 구도"
skirt_cutout,0,0,"스커트컷아웃,노출,의상","일부가 뚫린 스커트"
on_plate,0,0,"접시위여성,노출","접시 위에 음식처럼 놓인 나체"
female_footjob,0,0,"여성발자극,행위","여성이 발로 하는 자극 행위"
red_garter_belt,0,0,"빨간가터벨트,노출,의상","빨간색 가터벨트"
penis_sheath,0,0,"음경덮개,노출,의상","음경만 가리는 덮개"
menstruation,0,0,"생리,분비물","월경혈을 다룬 묘사"
grabbed_breast_over_shoulder,0,0,"어깨너머가슴잡기,행위","어깨 너머로 가슴을 잡는 행위"
brown_male_underwear,0,0,"갈색남성속옷,노출,의상","갈색 남성용 속옷"
tickling_pussy,0,0,"음부간지럽히기,행위","음부를 간지럽히는 행위"
licking_stomach,0,0,"배핥기,행위","배를 핥는 행위"
implied_nudity,0,0,"나체암시,노출","나체 상태를 암시하는 구도"
panties_visible_through_clothes,0,0,"옷너머팬티,노출","옷 너머로 비치는 팬티"
animal_between_breasts,0,0,"가슴사이동물,노출","드러난 가슴 사이에 있는 동물"
pushing_down,0,0,"밀어눕히기,행위","상대를 밀어 눕히는 행위"
pov_breasts,0,0,"가슴시점,시점","가슴을 향한 시청자 시점"
navel_insertion,0,0,"배꼽삽입,노출","배꼽에 이물질을 삽입하는 행위"
high-waist_sideboob,0,0,"하이웨이스트옆가슴,노출","하이웨이스트 의상 사이로 드러난 옆가슴"
crotch_stomping,0,0,"사타구니밟기,행위","사타구니를 밟는 행위"
anal_hook,0,0,"항문고리,도구","항문에 삽입하는 구속용 고리"
toe_sucking,0,0,"발가락빨기,행위","발가락을 빠는 행위"
self_wedgie,0,0,"자기위지,노출","스스로 속옷을 깊게 끼워 넣는 상태"
naked_armor,0,0,"나체갑옷,노출,의상","갑옷만 착용한 나체 상태"
mummification_(bound),0,0,"미라구속,도구","붕대나 천으로 전신을 감싸는 구속"
broken_condom,0,0,"찢어진콘돔,도구","찢어지거나 파손된 콘돔"
yonic_symbol,0,0,"여성기상징,노출","여성 생식기를 상징하는 도형"
tube_top_lift,0,0,"튜브탑들어올리기,노출","튜브탑을 들어올려 가슴을 드러낸 상태"
sweater_vest_lift,0,0,"스웨터조끼들어올리기,노출","스웨터 조끼를 들어올려 신체를 드러내는 상태"
reverse_paizuri,0,0,"역파이즈리,체위","일반적인 자세와 반대로 하는 파이즈리"
censored_anus,0,0,"항문검열,노출","항문 부위를 가린 검열"
y_shaped_butt_crack,0,0,"Y자엉덩이골,노출","Y자 모양으로 강조된 엉덩이 골"
dildo_reveal,0,0,"딜도드러내기,노출","딜도를 드러내는 순간"
pillow_humping,0,0,"베개에비비기,행위","베개에 몸을 비비는 자위 행위"
implied_tail_plug,0,0,"꼬리플러그암시,도구","꼬리 모양 항문 플러그 착용을 암시"
dirty_talk,0,0,"음담패설,행위","성적으로 자극적인 대화"
squirting_liquid,0,0,"분출액체,분비물","분출되는 액체(여성 사정 등)"
clothes_gag,0,0,"옷재갈,도구","옷을 이용해 만든 재갈"
bound_knees,0,0,"묶인무릎,도구","묶여 구속된 무릎"
bedwetting,0,0,"이불에소변,분비물","이불에 소변을 지린 상태"
tribadism_through_clothes,0,0,"옷위로트리바디즘,행위","옷 위로 하는 트리바디즘(성기 마찰)"
purple_babydoll,0,0,"보라베이비돌,노출,의상","보라색 베이비돌 란제리"
netorase,0,0,"네토라세,행위","자신의 연인을 상대에게 붙여주는 관계"
fur-trimmed_bra,0,0,"모피장식브라,노출,의상","모피로 장식된 브라"
smelling_ass,0,0,"엉덩이냄새맡기,행위","엉덩이 냄새를 맡는 행위"
naked_costume,0,0,"나체코스튬,노출,의상","코스튬의 일부만 걸친 나체 상태"
green_nipples,0,0,"초록색유두,노출","초록색으로 묘사된 유두"
apron_pull,0,0,"앞치마당기기,노출","앞치마를 당겨 신체를 드러내는 상태"
electrostimulation,0,0,"전기자극,도구","전기로 성기를 자극하는 기구"
chain_between_breasts,0,0,"가슴사이체인,노출","드러난 가슴 사이에 늘어진 체인"
autopaizuri,0,0,"자가파이즈리,행위","스스로 자신의 가슴으로 하는 파이즈리"
vomiting_cum,0,0,"정액토하기,분비물","정액을 토하는 행위"
used_condom_in_clothes,0,0,"옷속사용한콘돔,도구","옷 속에 넣어둔 사용한 콘돔"
cum_swap,0,0,"정액교환,분비물","키스로 정액을 주고받는 행위"
blowing_in_ear,0,0,"귀에입김불기,행위","귀에 입김을 불어넣는 행위"
spread_eagle_position,0,0,"대자로벌린자세,체위","사지를 벌린 대자 자세"
bloomers_around_one_leg,0,0,"한쪽다리블루머,노출","한쪽 다리에만 걸쳐진 블루머"
pussy_press,0,0,"음부밀착,노출","음부를 물체나 표면에 밀착시킨 상태"
bra_on_head,0,0,"머리에브라,노출","머리에 씌운 브라"
tickling_breasts,0,0,"가슴간지럽히기,행위","가슴을 간지럽히는 행위"
catheter,0,0,"카테터,도구","요도에 삽입하는 의료용 관"
sexy_no_jutsu,0,0,"성인술,나루토,노출","나루토의 이성으로 변신하는 성인술"
footjob_from_behind,0,0,"뒤에서발자극,행위","뒤에서 발로 하는 자극 행위"
licking_navel,0,0,"배꼽핥기,행위","배꼽을 핥는 행위"
crotchless_bikini,0,0,"밑트임비키니,노출,의상","사타구니 부분이 뚫린 비키니"
public_bondage,0,0,"공공장소구속,도구","공공장소에서의 신체 구속"
pink_slingshot_swimsuit,0,0,"분홍슬링샷수영복,노출,의상","신체를 거의 가리지 않는 분홍색 슬링샷 수영복"
branded,0,0,"낙인찍힌,노출","소유를 나타내는 낙인이 찍힌 상태"
after_handjob,0,0,"손자위후,행위","손으로 하는 자위 행위 이후의 상태"
hypnosis_app,0,0,"최면앱,행위","최면을 이용한 성적 지배 앱"
cloaca,0,0,"총배설강,노출","조류나 파충류형 캐릭터의 총배설강"
cardigan_partially_removed,0,0,"가디건일부벗음,노출","가디건을 반쯤 벗어 신체가 드러난 상태"
sword_between_breasts,0,0,"가슴사이검,노출","드러난 가슴 사이에 낀 검"
sabotaged_condom,0,0,"손상된콘돔,도구","의도적으로 손상시킨 콘돔"
slip_showing,0,0,"슬립드러남,노출","겉옷 아래로 드러난 슬립"
lace_garter_belt,0,0,"레이스가터벨트,노출,의상","레이스로 장식된 가터벨트"
head_under_another's_clothes,0,0,"남의옷속머리,행위","다른 캐릭터의 옷 속에 머리를 넣는 행위"
tickling_nipples,0,0,"유두간지럽히기,행위","유두를 간지럽히는 행위"
requesting_internal_cumshot,0,0,"내사정요청,행위","내부 사정을 요청하는 자세"
breastless_leotard,0,0,"가슴노출레오타드,노출,의상","가슴 부분이 뚫린 레오타드"
penis_and_testicles_touching,0,0,"음경과고환닿음,노출","음경과 고환이 맞닿은 상태"
face_in_crotch,0,0,"사타구니에얼굴,행위","사타구니에 얼굴을 묻는 행위"
cum_bath,0,0,"정액목욕,분비물","정액을 뒤집어쓴 상태"
areola_piercing,0,0,"유륜피어싱,도구","유륜에 한 피어싱"
chloroform,0,0,"클로로포름,도구","의식을 잃게 하는 클로로포름"
6_9,0,0,"식스나인,체위","서로 반대 방향으로 오럴을 하는 69 체위"
shaved_body,0,0,"제모된몸,신체","체모를 제거한 몸"
legs_behind_head,0,0,"다리목뒤로,체위","다리를 목 뒤로 넘긴 자세"
fallopian_tubes,0,0,"나팔관,노출","여성의 내부 생식기관 나팔관"
used_artificial_vagina,0,0,"사용된인공질,도구","사용된 인공 질 자위기구"
breast_biting,0,0,"가슴깨물기,행위","가슴을 깨무는 행위"
unwanted_creampie,0,0,"원치않은질내사정,분비물","동의 없이 이루어진 질내사정"
shirt_aside,0,0,"셔츠치우기,노출","셔츠를 옆으로 치워 노출한 상태"
imminent_bestiality,0,0,"수간직전,행위","동물과의 성행위 직전 상황"
anal_ball_wear,0,0,"항문볼착용,도구","항문에 착용한 구슬형 기구"
handcuff_dangle,0,0,"수갑매달림,도구","수갑에 매달린 상태"
single_nipple_piercing,0,0,"한쪽유두피어싱,도구","한쪽 유두에만 한 피어싱"
single_ankle_cuff,0,0,"한쪽발목구속구,도구","한쪽 발목에 채운 구속구"
object_insertion_from_behind,0,0,"뒤에서물체삽입,행위","뒤에서 물체를 삽입하는 행위"
suppository,0,0,"좌약,도구","항문이나 질에 삽입하는 좌약"
sexting,0,0,"섹스팅,행위","성적인 문자를 주고받는 행위"
plug_gag,0,0,"플러그재갈,도구","입에 물리는 플러그형 재갈"
looking_at_ass,0,0,"엉덩이바라보기,시점","엉덩이를 바라보는 시점"
leggings_pull,0,0,"레깅스당기기,노출","레깅스를 당겨 신체를 드러내는 상태"
frenulum_piercing,0,0,"소대피어싱,도구","음경 소대에 한 피어싱"
covering_another's_breasts,0,0,"남의가슴가리기,노출","다른 캐릭터의 드러난 가슴을 손으로 가리는 상태"
chocolate_on_pussy,0,0,"음부에초콜릿,노출","음부에 바른 초콜릿"
veiny_testicles,0,0,"핏줄고환,노출","핏줄이 도드라진 고환"
mega_milk,0,0,"메가밀크,노출","거대한 가슴을 과장한 밈 표현"
leotard_lift,0,0,"레오타드들어올리기,노출","레오타드를 들어올려 신체를 드러내는 상태"
ear_sex,0,0,"귀성행위,행위","귀를 이용한 성적 행위"
sports_bra_pull,0,0,"스포츠브라당기기,노출","스포츠 브라를 당겨 신체를 드러내는 상태"
lubrication,0,0,"윤활제,도구","성행위용 윤활제"
chocolate_on_foot,0,0,"발에초콜릿,노출","발에 바른 초콜릿"
bootjob,0,0,"부츠자극,행위","부츠로 성기를 자극하는 행위"
aqua_pubic_hair,0,0,"청록색음모,노출","청록색 음모"
imminent_netorare,0,0,"NTR직전,행위","연인을 빼앗기기 직전의 상황"
cum_on_gloves,0,0,"장갑에정액,분비물","장갑에 묻은 정액"
checkered_panties,0,0,"체크팬티,노출,의상","체크무늬 팬티"
sex_doll,0,0,"섹스돌,도구","성행위용 인형"
looking_at_bulge,0,0,"불룩함바라보기,시점","옷 위로 드러난 성기 불룩함을 바라보는 시점"
holding_own_breasts,0,0,"자기가슴잡기,노출","자신의 드러난 가슴을 손으로 잡은 상태"
bladder,0,0,"방광,노출","소변을 저장하는 방광"
simulated_bukkake,0,0,"모의부카케,행위","여러 명이 사정하는 것을 흉내내는 행위"
feminization,0,0,"여성화,행위","남성을 여성스럽게 만드는 성적 플레이"
bear_position,0,0,"베어포지션,체위","네 발로 엎드린 자세의 체위"
see-through_pants,0,0,"비치는바지,노출,의상","속이 비치는 바지"
menstrual_pad,0,0,"생리대,분비물","생리혈을 흡수하는 생리대"
egg_implantation,0,0,"알심기,행위","체내에 알을 심는 행위"
clothes-dissolving_potion,0,0,"의상용해물약,도구","옷을 녹이는 물약"
clitoral_stimulation_through_clothing,0,0,"옷위로음핵자극,행위","옷 위로 음핵을 자극하는 행위"
male_spitroast,0,0,"남성스피트로스트,체위","남성이 앞뒤로 동시에 삽입당하는 체위"
cream_on_breasts,0,0,"가슴에크림,노출","드러난 가슴에 바른 크림"
breast_sucking_through_clothes,0,0,"옷위로가슴빨기,행위","옷 위로 가슴을 빠는 행위"
bandaid_on_breast,0,0,"가슴에반창고,노출","드러난 가슴에 붙인 반창고"
wax_play,0,0,"촛농플레이,도구","촛농을 이용한 자극 플레이"
scary_sex,0,0,"무서운성행위,행위","공포스러운 분위기의 성행위"
ribbon-trimmed_underwear,0,0,"리본트림속옷,노출,의상","리본으로 장식된 속옷"
guy_tired_after_sex_(meme),0,0,"성관계후지친남자밈,행위","성관계 직후 지친 남성 반응 밈"
cum_on_headwear,0,0,"모자에정액,분비물","모자에 묻은 정액"
condom_on_nipples,0,0,"유두에콘돔,도구","유두에 씌운 콘돔"
latex_pants,0,0,"라텍스바지,노출,의상","라텍스 소재의 몸에 밀착하는 바지"
holding_own_leash,0,0,"자기목줄들기,도구","자신의 목줄을 스스로 들고 있는 상태"
ecstasy,0,0,"황홀경,행위","성적 황홀경에 빠진 상태"
imminent_vore,0,0,"포식직전,행위","잡아먹히기 직전의 상황"
anal_prolapse,0,0,"항문탈출,노출","항문 내부 조직이 밖으로 나온 상태"
mole_on_areola,0,0,"유륜의점,노출","드러난 유륜에 있는 점"
imminent_breast_grab,0,0,"가슴잡기직전,행위","곧 가슴을 잡으려는 상황"
gigantic_testicles,0,0,"거대고환,노출","비정상적으로 거대한 고환"
small_testicles,0,0,"작은고환,노출","작게 묘사된 고환"
peeing_in_cup,0,0,"컵에소변,분비물","컵에 소변을 보는 행위"
testicles_on_face,0,0,"얼굴에고환,행위","고환을 상대의 얼굴에 대는 행위"
playboy_bunny_swimsuit,0,0,"플레이보이바니수영복,노출,의상","신체를 드러내는 바니걸 수영복"
bandaid_on_ass,0,0,"엉덩이반창고,노출","드러난 엉덩이에 붙인 반창고"
cum_on_object,0,0,"물건에정액,분비물","물건에 묻은 정액"
standing_anilingus,0,0,"선채애널링구스,체위","선 자세에서 하는 애널링구스"
ball_bra,0,0,"볼브라,노출,의상","공 모양 장식이 달린 브라"
misplaced_genitals,0,0,"잘못배치된생식기,노출","위치가 잘못 그려진 생식기"
bottle_between_breasts,0,0,"가슴사이병,노출","드러난 가슴 사이에 낀 병"
simulated_facial,0,0,"모의안면사정,행위","안면 사정을 흉내내는 행위"
shorts_lift,0,0,"반바지들어올리기,노출","반바지를 들어올려 신체를 드러내는 상태"
shaving_crotch,0,0,"사타구니제모,행위","사타구니 부위를 면도하는 행위"
purple_male_underwear,0,0,"보라남성속옷,노출,의상","보라색 남성용 속옷"
projectile_cumdrip,0,0,"뿜어져나오는정액,분비물","힘차게 뿜어져 나오는 정액"
piper_perri_surrounded_(meme),0,0,"파이퍼페리서라운디드,행위","한 캐릭터를 여러 명이 둘러싼 구도 밈"
hug_and_suck,0,0,"안고빨기,행위","껴안은 채로 빠는 행위"
forced_partners,0,0,"강제적파트너,행위","동의 없이 강제로 이루어진 성적 관계"
cum_on_tail,0,0,"꼬리에정액,분비물","꼬리에 묻은 정액"
black_garter,0,0,"검은가터벨트,노출,의상","검은색 가터벨트"
see-through_shorts,0,0,"비치는반바지,노출,의상","속이 비치는 반바지"
huge_clitoris,0,0,"거대음핵,노출","비정상적으로 거대한 음핵"
cupless_babydoll,0,0,"컵없는베이비돌,노출,의상","가슴이 드러나는 컵 없는 베이비돌"
tactical_playboy_bunny,0,0,"택티컬바니걸,노출,의상","전술 장비를 결합한 바니걸 의상"
cooperative_buttjob,0,0,"합동엉덩이자극,행위","두 명 이상이 함께 하는 엉덩이 자극 행위"
ass-to-ass_penetration,0,0,"엉덩이연결삽입,체위","한 음경이 두 사람의 항문을 동시에 삽입하는 체위"
tentacle_around_neck,0,0,"목에감긴촉수,도구","목에 감긴 촉수"
saliva_on_breasts,0,0,"가슴에침,노출","드러난 가슴에 묻은 침"
nipple_hair,0,0,"유두주변털,노출","유두 주변의 털"
hand_gagged,0,0,"손재갈,도구","손으로 입을 막은 상태"
seggs_(meme),0,0,"섹스완곡표현,행위","성행위를 뜻하는 완곡한 은어 표현"
double_insertion,0,0,"이중삽입,체위","한 구멍에 두 개를 동시에 삽입하는 체위"
angry_sex,0,0,"화난성행위,행위","분노한 상태로 하는 성행위"
standing_restraints,0,0,"선채구속,도구","선 자세로 몸을 구속하는 기구"
panty_gag,0,0,"팬티재갈,도구","팬티로 만든 재갈"
male_swimwear_pull,0,0,"남성수영복당기기,노출","남성 수영복을 당겨 신체를 드러내는 상태"
dragon_dildo,0,0,"드래곤딜도,도구","용 모양의 딜도"
zipper_panties,0,0,"지퍼팬티,노출,의상","지퍼가 달린 팬티"
red_babydoll,0,0,"빨간베이비돌,노출,의상","빨간색 베이비돌 란제리"
aneros,0,0,"애너로스,도구","전립선 자극용 애너로스"
wet_and_messy,0,0,"젖고지저분한,노출","액체로 젖고 지저분해진 신체나 의상"
vibrator_on_clitoris,0,0,"음핵진동기,도구","음핵에 댄 진동기"
sideboob_cutout,0,0,"옆가슴컷아웃,노출,의상","옆가슴이 드러나는 컷아웃 의상"
see-through_midriff,0,0,"비치는배부분,노출,의상","배 부분이 비치는 의상"
removing_bra_under_shirt,0,0,"셔츠속브라벗기,노출","셔츠 속에서 브라를 벗는 행위"
object_in_panties,0,0,"팬티속물체,노출","팬티 속에 넣은 물체"
imminent_irrumatio,0,0,"이라마치오직전,행위","곧 이라마치오를 하려는 상황"
hakama_pull,0,0,"하카마당기기,노출","하카마를 당겨 신체를 드러내는 상태"
gold_panties,0,0,"금색팬티,노출,의상","금색 팬티"
body_control,0,0,"신체조종,행위","최면이나 조종으로 몸을 지배하는 행위"
underwear_around_one_leg,0,0,"한쪽다리속옷,노출","한쪽 다리에만 걸쳐진 속옷"
loincloth_lift,0,0,"샅바들어올리기,노출","샅바를 들어올려 신체를 드러내는 상태"
assisted_masturbation,0,0,"도움받는자위,행위","다른 사람의 도움을 받는 자위 행위"
vibrator_bulge,0,0,"진동기불룩함,도구","삽입된 진동기로 인한 불룩함"
standing_leg_lock,0,0,"선채다리걸기,체위","선 자세에서 다리를 걸어 고정하는 체위"
latex_skirt,0,0,"라텍스스커트,노출,의상","라텍스 소재의 몸에 밀착하는 스커트"
implied_after_fellatio,0,0,"펠라티오후암시,행위","펠라티오 직후를 암시하는 묘사"
hand_in_bikini,0,0,"비키니속손,행위","비키니 안으로 손을 넣는 행위"
biting_penis,0,0,"음경깨물기,행위","음경을 깨무는 행위"
multi-strapped_bra,0,0,"다중스트랩브라,노출,의상","여러 개의 스트랩이 있는 브라"
hands_on_own_crotch,0,0,"자기사타구니에손,노출","자신의 사타구니에 손을 얹은 상태"
blue_pussy,0,0,"파란색음부,노출","파란색으로 묘사된 음부"
smelling_feet,0,0,"발냄새맡기,행위","발 냄새를 맡는 행위"
navel_peek,0,0,"배꼽살짝보임,노출","살짝 드러나는 배꼽"
nantaimori,0,0,"남체성반,행위","나체 남성 위에 음식을 차려놓는 남체성반"
licking_leg,0,0,"다리핥기,행위","다리를 핥는 행위"
finger_under_clothes,0,0,"옷속손가락,행위","옷 속으로 손가락을 넣는 행위"
tail_fondling,0,0,"꼬리애무,행위","꼬리를 애무하는 행위"
cheek-to-breast,0,0,"볼을가슴에,노출","볼을 드러난 가슴에 맞댄 상태"
bikini_bottom_lift,0,0,"비키니하의들어올리기,노출","비키니 하의를 들어올려 신체를 드러내는 상태"
robe_lift,0,0,"가운들어올리기,노출","가운을 들어올려 신체를 드러내는 상태"
naked_bowtie,0,0,"나체보타이,노출,의상","보타이만 착용한 나체 상태"
sensory_deprivation,0,0,"감각차단,도구","시각이나 청각을 차단하는 구속 플레이"
mouth_insertion,0,0,"입에삽입,행위","입 안에 삽입하는 행위"
ear_fondling,0,0,"귀애무,행위","귀를 애무하는 행위"
x-cross_(bdsm),0,0,"X자구속대,도구","X자 형태의 구속용 기구"
vibrator_on_penis,0,0,"음경진동기,도구","음경에 댄 진동기"
male_prostitution,0,0,"남성매춘,행위","남성의 매춘을 다룬 묘사"
licking_own_nipple,0,0,"자기유두핥기,행위","스스로 자신의 유두를 핥는 행위"
stomach_(organ),0,0,"위장,노출","내부 장기인 위장"
sock_on_penis,0,0,"양말로음경자극,행위","양말로 음경을 자극하는 행위"
see-through_babydoll,0,0,"비치는베이비돌,노출,의상","속이 비치는 베이비돌 란제리"
forced_kiss,0,0,"강제키스,행위","동의 없이 강제로 하는 키스"
dilation_belt,0,0,"확장벨트,도구","항문이나 질을 확장하는 벨트형 기구"
bound_leg,0,0,"묶인다리,도구","묶여 구속된 다리"
ass_lift,0,0,"엉덩이들어올리기,노출","옷을 들어올려 엉덩이를 드러내는 상태"
pink_male_underwear,0,0,"분홍남성속옷,노출,의상","분홍색 남성용 속옷"
penis_chart,0,0,"음경차트,노출","음경 크기를 비교한 차트"
cutout_below_navel,0,0,"배꼽아래컷아웃,노출,의상","배꼽 아래가 뚫린 컷아웃"
open_leotard,0,0,"열린레오타드,노출,의상","앞이 열려 신체가 드러나는 레오타드"
goggles_around_breasts,0,0,"가슴에고글,노출","드러난 가슴 사이에 걸친 고글"
cum_on_skirt,0,0,"스커트에정액,분비물","스커트에 묻은 정액"
cum_on_sheets,0,0,"침대시트에정액,분비물","침대 시트에 묻은 정액"
condom_in_hair,0,0,"머리에콘돔,도구","머리카락에 넣은 콘돔"
bound_feet,0,0,"묶인발,도구","묶여 구속된 발"
nipple_flick,0,0,"유두튕기기,행위","유두를 손가락으로 튕기는 행위"
denial,0,0,"쾌락거부,행위","절정을 거부당하는 행위"
bulge_peek,0,0,"불룩함살짝노출,노출","옷 사이로 살짝 보이는 성기 불룩함"
imminent_fingering,0,0,"손가락삽입직전,행위","곧 손가락을 삽입하려는 상황"
fundoshi_pull,0,0,"훈도시당기기,노출","훈도시를 당겨 신체를 드러내는 상태"
blue_garter_straps,0,0,"파란가터스트랩,노출,의상","파란색 가터 스트랩"
wet_dream,0,0,"몽정,행위","꿈속에서 겪는 성적 경험"
tied_nipples,0,0,"묶인유두,도구","실이나 끈으로 묶인 유두"
extended_upskirt,0,0,"연장된치마속시점,시점","오랫동안 지속되는 치마 속 시점"
babydoll_lift,0,0,"베이비돌들어올리기,노출","베이비돌을 들어올려 신체를 드러내는 상태"
testicles_touching,0,0,"고환닿음,노출","서로 맞닿은 고환"
nursing_fingering,0,0,"수유자세손가락삽입,행위","수유하는 자세로 손가락을 삽입하는 행위"
latex_bra,0,0,"라텍스브라,노출,의상","라텍스 소재의 브라"
american_flag_panties,0,0,"성조기팬티,노출,의상","성조기 무늬 팬티"
strappado,0,0,"스트라파도,도구","팔을 뒤로 묶어 매다는 구속법"
bikini_bottom_around_leg,0,0,"다리에걸친비키니하의,노출","한쪽 다리에만 걸쳐진 비키니 하의"
bandeau_lift,0,0,"밴도우들어올리기,노출","밴도우를 들어올려 가슴을 드러내는 상태"
satin_underwear,0,0,"새틴속옷,노출,의상","새틴 소재의 속옷"
opening_another's_clothes,0,0,"남의옷벗기기,행위","다른 캐릭터의 옷을 벗기는 행위"
frilled_underwear,0,0,"프릴속옷,노출,의상","프릴로 장식된 속옷"
liquid_dress,0,0,"액체드레스,노출,의상","액체로 이루어져 신체가 비치는 드레스"
breast_massage,0,0,"가슴마사지,행위","가슴을 마사지하는 행위"
body_chain,0,0,"바디체인,노출,의상","피부에 걸치는 체인 장신구"
male_pregnancy,0,0,"남성임신,행위","남성 캐릭터가 임신한 상태를 다룬 묘사"
clitoris_chain,0,0,"클리토리스체인,도구","클리토리스에 걸린 체인"
teddy_(lingerie),0,0,"테디란제리,노출,의상","테디 형태의 란제리"
panties_around_one_finger,0,0,"손가락에걸린팬티,노출","손가락 하나에 걸어놓은 팬티"
newhalf_with_newhalf,0,0,"뉴하프끼리,행위","뉴하프 캐릭터끼리의 행위"
masturbating_while_watching,0,0,"보면서자위,행위","무언가를 보면서 자위하는 행위"
implied_bestiality,0,0,"암시된수간,행위","수간을 암시하는 연출"
cum_on_lips,0,0,"입술에정액,분비물","입술에 묻은 정액"
black_nipples,0,0,"검은유두,노출","검은색 유두"
morning_wood,0,0,"아침발기,노출","아침에 발기한 상태"
flower_panties,0,0,"꽃무늬팬티,노출,의상","꽃무늬 팬티"
anal_cross-section,0,0,"항문단면도,노출","항문 삽입 상태를 단면으로 보여주는 연출"
veiny_crotch,0,0,"핏줄사타구니,노출","핏줄이 도드라진 사타구니"
urethral_fingering,0,0,"요도손가락삽입,행위","요도에 손가락을 삽입하는 행위"
sparse_ass_hair,0,0,"엉덩이체모,노출","엉덩이에 드문드문 난 체모"
poke_ball_insertion,0,0,"몬스터볼삽입,행위","몬스터볼을 삽입하는 행위"
gynecology_chair,0,0,"산부인과의자,도구","다리를 벌려 고정하는 산부인과용 의자"
drinking_from_condom,0,0,"콘돔에서마시기,행위","콘돔에 담긴 액체를 마시는 행위"
covering_another's_crotch,0,0,"남의사타구니가리기,행위","다른 캐릭터의 사타구니를 손으로 가리는 행위"
unbirthing,0,0,"자궁회귀,행위","캐릭터가 자궁 속으로 들어가는 것을 묘사하는 행위"
spider_gag,0,0,"스파이더개그,도구","입을 벌려 고정하는 스파이더 개그"
masturbation_day,0,0,"자위의날,형식","자위를 테마로 한 특정 날을 다룬 묘사"
glowing_penis,0,0,"빛나는성기,노출","빛을 내는 남성 성기"
towel_slip,0,0,"수건흘러내림,노출","수건이 흘러내려 신체가 드러나는 상태"
leash_in_mouth,0,0,"입에목줄,도구","입에 목줄을 문 상태"
licking_another's_lips,0,0,"남의입술핥기,행위","다른 캐릭터의 입술을 핥는 행위"
implied_penetration,0,0,"암시된삽입,행위","삽입을 암시하는 연출"
hand_in_another's_clothes,0,0,"남의옷속손,행위","다른 캐릭터의 옷 속에 손을 넣는 행위"
erection_under_towel,0,0,"수건속발기,노출","수건 속에서 발기한 상태가 드러남"
breeding_mount,0,0,"교배자세,행위","동물처럼 뒤에서 올라타는 교배 자세"
black_negligee,0,0,"검은네글리제,노출,의상","검은색 시스루 네글리제"
strip_mahjong,0,0,"스트립마작,행위","지면 옷을 벗는 스트립 마작"
shijuuhatte,0,0,"시주핫테,도구","일본 전통 포박술의 48가지 형태"
self_bondage,0,0,"셀프본디지,행위","스스로 자신을 결박하는 행위"
saliva_trail_between_teeth,0,0,"치아사이침줄,분비물","이빨 사이에 늘어진 침 줄기"
rope_gag,0,0,"밧줄재갈,도구","밧줄로 만든 재갈"
pussy_juice_in_mouth,0,0,"입안애액,분비물","입 안에 있는 애액"
food_dildo,0,0,"음식모양딜도,도구","음식 모양의 딜도"
womb_massage,0,0,"자궁마사지,행위","자궁 부위를 마사지하는 행위"
tape_censor,0,0,"테이프모자이크,형식","테이프로 성기 부위를 가리는 모자이크 연출"
spread_nipple,0,0,"벌려진유두,노출","벌어진 유두"
robot_sex,0,0,"로봇섹스,행위","로봇과의 성행위"
penis_in_glove,0,0,"장갑속성기,노출","장갑 안에 넣은 성기"
penis_hug,0,0,"성기를껴안기,행위","성기를 몸으로 감싸 안는 행위"
nonstop_nut_november,0,0,"논스톱넛노벰버,형식","11월 내내 사정을 계속하는 밈"
looking_at_pussy,0,0,"음부바라보기,행위","음부를 바라보는 행위"
cum_in_eye,0,0,"눈에정액,분비물","눈에 묻은 정액"
sybian,0,0,"사이비안,도구","진동 기구 사이비안"
see-through_capelet,0,0,"시스루케이프,노출,의상","비치는 소재의 케이프"
nipple_sleeves,0,0,"유두슬리브,노출,의상","유두만 가리는 슬리브형 의상"
leotard_tug,0,0,"레오타드당기기,노출","레오타드를 당겨 신체를 드러내는 상태"
implied_netorare,0,0,"암시된네토라레,행위","연인을 빼앗기는 상황을 암시하는 연출"
naked_hood,0,0,"나체후드,노출","후드만 걸친 나체 상태"
slapping_with_penis,0,0,"성기로때리기,행위","성기로 때리는 행위"
penis_face,0,0,"성기얼굴,노출","얼굴에 성기를 갖다 댄 연출"
peed_self,0,0,"실금,행위","스스로 소변을 지린 상태"
pee_pad,0,0,"배뇨패드,도구","배뇨를 위한 패드"
offering_leash,0,0,"목줄바치기,도구","목줄을 상대에게 바치는 행위"
implied_footjob,0,0,"암시된발성행위,행위","발로 하는 성행위를 암시하는 연출"
dental_gag,0,0,"입벌림기구,도구","입을 벌려 고정하는 치과용 기구"
slapping_breasts,0,0,"가슴때리기,행위","가슴을 때리는 행위"
navel_fingering,0,0,"배꼽손가락삽입,행위","배꼽에 손가락을 넣는 행위"
gift_between_breasts,0,0,"가슴사이선물,노출","가슴 사이에 끼운 선물"
double_footjob,0,0,"양발성행위,행위","양발을 이용한 성행위"
cum_on_testicles,0,0,"고환에정액,분비물","고환에 묻은 정액"
streaking,0,0,"스트리킹,행위","공공장소에서 나체로 뛰어다니는 행위"
pantyshot_through_reflection,0,0,"반사면팬티샷,노출","반사되는 면을 통해 보이는 팬티"
cum_on_bed,0,0,"침대에정액,분비물","침대에 묻은 정액"
autocunnilingus,0,0,"셀프커닐링구스,행위","스스로 자신의 성기를 애무하는 행위"
buttjob_under_clothes,0,0,"옷속엉덩이성행위,행위","옷을 입은 채로 엉덩이를 이용한 성행위"
bite_mark_on_ass,0,0,"엉덩이물린자국,신체","엉덩이에 남은 물린 자국"
erection_in_panties,0,0,"팬티속발기,노출","팬티 안에서 발기한 상태가 드러남"
crop_top_lift,0,0,"크롭탑들어올리기,노출","크롭탑을 들어올려 신체를 드러내는 상태"
pussy_sandwich,0,0,"음부샌드위치,노출","두 캐릭터의 음부가 맞닿은 상태"
mat_play,0,0,"매트플레이,행위","매트 위에서 벌이는 성적인 행위"
glowing_nipples,0,0,"빛나는유두,노출","빛을 내는 유두"
female_fertilization,0,0,"여성수정,행위","여성의 수정 과정을 묘사한 행위"
double_popsicle,0,0,"더블아이스캔디,행위","두 사람이 함께 하는 펠라티오식 행위"
stethoscope_between_breasts,0,0,"가슴사이청진기,노출","가슴 사이에 낀 청진기"
see-through_apron,0,0,"시스루앞치마,노출,의상","비치는 소재의 앞치마"
rope_train,0,0,"밧줄기차,도구","여러 사람을 밧줄로 이어 묶은 상태"
panty_bulge,0,0,"팬티불룩함,노출","팬티 위로 드러난 불룩함"
crotchless_bloomers,0,0,"가랑이없는블루머,노출,의상","가랑이 부분이 뚫린 블루머"
body_soaping,0,0,"바디워시애무,행위","비누를 이용해 몸을 애무하는 행위"
stealth_handjob,0,0,"몰래손으로자극,행위","들키지 않게 손으로 성기를 자극하는 행위"
panty_dangle,0,0,"팬티매달기,노출","벗겨져 발이나 손에 걸린 팬티"
thick_ass_hair,0,0,"엉덩이체모,노출","엉덩이에 두껍게 난 체모"
tabard_lift,0,0,"서코트들어올리기,노출","서코트를 들어올려 신체를 드러내는 상태"
loincloth_aside,0,0,"훈도시젖히기,노출","훈도시를 젖혀 신체를 드러내는 상태"
covering_one_nipple,0,0,"한쪽유두가리기,노출","한쪽 유두만 가린 상태"
casting_couch,0,0,"캐스팅카우치,형식","성적 착취를 암시하는 캐스팅 카우치 소재"
testicle_hair,0,0,"고환체모,신체","고환에 난 체모"
see-through_kimono,0,0,"시스루기모노,노출,의상","비치는 소재의 기모노"
scar_on_ass,0,0,"엉덩이흉터,신체","엉덩이에 있는 흉터"
licking_thigh,0,0,"허벅지핥기,행위","허벅지를 핥는 행위"
yukata_lift,0,0,"유카타들어올리기,노출","유카타를 들어올려 신체를 드러내는 상태"
telepathic_sex,0,0,"텔레파시섹스,행위","텔레파시로 이루어지는 성적 교감"
nearly_naked_coat,0,0,"코트만입은나체,노출","코트만 걸친 거의 나체 상태"
mooning,0,0,"엉덩이노출,노출","바지를 내려 엉덩이를 노출하는 행위"
imminent_spanking,0,0,"엉덩이때리기직전,행위","엉덩이를 때리기 직전의 상황"
cum_on_crotch,0,0,"사타구니에정액,분비물","사타구니에 묻은 정액"
water_censor,0,0,"물모자이크,형식","물이나 수증기로 성기 부위를 가리는 모자이크 연출"
vacuum_bed,0,0,"진공베드,도구","공기를 빼내 몸을 압박하는 진공 베드"
saliva_pool,0,0,"침웅덩이,분비물","고여있는 침 웅덩이"
implied_object_insertion,0,0,"암시된물건삽입,행위","물건 삽입을 암시하는 연출"
clear_insertion,0,0,"투명삽입물,행위","투명하게 보이는 삽입 상태"
pink_pasties,0,0,"분홍페이스티,노출,의상","분홍색 유두 스티커"
kissing_thigh,0,0,"허벅지입맞춤,행위","허벅지에 입맞춤하는 행위"
hose_between_breasts,0,0,"가슴사이호스,노출","가슴 사이에 낀 호스"
teddy_bear_sex,0,0,"곰인형과의성행위,행위","곰인형과의 성적 행위를 다룬 연출"
penis_focus,0,0,"성기포커스,노출","성기를 부각시킨 구도"
panties_on_breasts,0,0,"가슴위팬티,노출","가슴 위에 얹은 팬티"
licking_dildo,0,0,"딜도핥기,행위","딜도를 핥는 행위"
lace-trimmed_babydoll,0,0,"레이스트림베이비돌,노출,의상","레이스로 장식된 베이비돌"
grey_nipples,0,0,"회색유두,노출","회색 유두"
brain_injection,0,0,"뇌에주입,행위","뇌에 무언가를 주입하는 행위"
blue_penis,0,0,"파란성기,노출","파란색 남성 성기"
yomorio_lingerie,0,0,"요모리오란제리,노출,의상","캐릭터 요모리오 관련 란제리"
superman_exposure,0,0,"슈퍼맨노출,노출","순간적으로 옷 속이 드러나는 노출 연출"
penis_in_thighhigh,0,0,"니삭스속성기,노출","니삭스 안에 넣은 성기"
covering_anus,0,0,"항문가리기,노출","항문을 손으로 가리는 상태"
vibrator_over_clothes,0,0,"옷위바이브레이터,도구","옷 위로 사용하는 바이브레이터"
public_urination,0,0,"공공장소배뇨,행위","공공장소에서 소변을 보는 행위"
implied_pornography,0,0,"암시된포르노그래피,형식","포르노그래피 시청을 암시하는 연출"
implied_bondage,0,0,"암시된본디지,도구","결박 상태를 암시하는 연출"
hair_bondage,0,0,"머리카락결박,도구","머리카락으로 몸을 묶는 결박"
condom_on_head,0,0,"머리에콘돔,형식","머리에 씌운 콘돔"
assisted_peeing,0,0,"배뇨도와주기,행위","배뇨를 도와주는 행위"
ankha_zone_(meme),0,0,"안카존밈,형식","동물의 숲 안카 관련 성적 패러디 밈"
suction_tentacles,0,0,"흡착촉수,도구","흡반이 달린 촉수"
standing_fellatio,0,0,"서서펠라티오,행위","서서 하는 펠라티오"
after_anilingus,0,0,"애널링구스이후,행위","애널링구스가 끝난 직후 상태"
peeing_in_bottle,0,0,"병에소변,행위","병에 소변을 보는 행위"
nipple_guessing_game_(meme),0,0,"유두맞추기게임밈,형식","유두를 맞추는 게임을 소재로 한 밈"
licking_tip,0,0,"끝부분핥기,행위","성기 끝부분을 핥는 행위"
italian_senate_porn_livestream_(meme),0,0,"이탈리아상원포르노방송밈,형식","이탈리아 상원 포르노 생방송 관련 밈"
crotchless_bodysuit,0,0,"가랑이없는바디수트,노출,의상","가랑이 부분이 뚫린 바디수트"
veiny_tentacles,0,0,"핏줄촉수,도구","핏줄이 도드라진 촉수"
twisted_breasts,0,0,"비틀린가슴,노출","비틀리게 그려진 가슴"
skirt_aside,0,0,"스커트젖히기,노출","스커트를 젖혀 신체를 드러내는 상태"
sideboob_paizuri,0,0,"옆가슴파이즈리,행위","옆에서 보이는 가슴을 이용한 파이즈리"
shared_handcuffs,0,0,"함께수갑차기,도구","두 사람이 하나의 수갑을 나눠 찬 상태"
nipple_ribbon,0,0,"유두리본,노출,의상","유두에 두른 리본"
frilled_negligee,0,0,"프릴네글리제,노출,의상","프릴로 장식된 네글리제"
sucking_on_multiple_breasts,0,0,"여러가슴빨기,행위","여러 개의 가슴을 빠는 행위"
poking_penis,0,0,"성기찌르기,행위","성기를 손가락으로 찌르는 행위"
penis_on_shoulder,0,0,"어깨위성기,노출","어깨에 올려진 성기"
kissing_breast,0,0,"가슴에입맞춤,행위","가슴에 입맞춤하는 행위"
facejob,0,0,"얼굴로자극,행위","얼굴을 이용해 성기를 자극하는 행위"
cunt_punt,0,0,"음부가격,행위","음부를 가격하는 행위"
yobai,0,0,"밤에몰래방문,행위","밤에 몰래 상대의 방을 찾아가는 행위"
sucking_both_nipples,0,0,"양쪽유두빨기,행위","양쪽 유두를 동시에 빠는 행위"
pink_negligee,0,0,"분홍네글리제,노출,의상","분홍색 시스루 네글리제"
naked_vest,0,0,"나체조끼,노출","조끼만 걸친 나체 상태"
naked_poncho,0,0,"나체판초,노출","판초만 걸친 나체 상태"
cum_on_mask,0,0,"마스크에정액,분비물","마스크에 묻은 정액"
crotchless_shorts,0,0,"가랑이없는반바지,노출,의상","가랑이 부분이 뚫린 반바지"
resisting,0,0,"저항,행위","성적 상황에서 저항하는 묘사"
pantyhose_tug,0,0,"팬티스타킹당기기,노출","팬티스타킹을 당겨 신체를 드러내는 상태"
panties_under_leotard,0,0,"레오타드속팬티,노출","레오타드 안에 비쳐 보이는 팬티"
pillow_bite,0,0,"베개물기,행위","쾌감을 참으며 베개를 깨무는 행위"
tail_pussy,0,0,"꼬리음부,노출","꼬리와 결합된 음부 묘사"
purple_pussy,0,0,"보라음부,노출","보라색으로 그려진 음부"
overalls_pull,0,0,"멜빵당기기,노출","멜빵바지를 당겨 신체를 드러내는 상태"
above_cleavage_cutout,0,0,"가슴위컷아웃,노출","가슴골 위쪽이 드러나는 컷아웃"
thigh_marking,0,0,"허벅지자국,노출","허벅지에 남은 애무 자국"
water_masturbation,0,0,"물자위,행위","물줄기를 이용한 자위 행위"
self_milking,0,0,"셀프착유,행위","스스로 모유를 짜내는 행위"
castration,0,0,"거세,행위","거세를 다룬 묘사"
tied_to_stake,0,0,"말뚝에묶임,도구","말뚝에 묶여 구속된 상태"
applying_gag,0,0,"재갈채우기,도구","재갈을 물리는 행위"
clitoris_torture,0,0,"클리토리스고문,도구","클리토리스를 자극·고문하는 행위"
forniphilia,0,0,"인간가구화,도구","사람을 가구처럼 취급하는 플레이"
colored_anus,0,0,"색깔항문,노출","색이 칠해진 항문"
red_pasties,0,0,"빨간페이스티,노출,의상","빨간색 유두 스티커"
pink_garter_belt,0,0,"분홍가터벨트,노출,의상","분홍색 가터벨트"
blue_garter_belt,0,0,"파란가터벨트,노출,의상","파란색 가터벨트"
petal_censor,0,0,"꽃잎검열,형식","꽃잎으로 성기 부위를 가리는 검열 연출"
kinktober,0,0,"킹크토버,형식","10월 성적 페티시 그림 이벤트 킹크토버"
implied_cheating_(relationship),0,0,"암시된외도,형식","외도 관계를 암시하는 연출"
holding_gag,0,0,"재갈들기,도구","재갈을 손에 들고 있는 상태"
food_on_penis,0,0,"성기위음식,노출","성기 위에 올린 음식"
erection_under_blanket,0,0,"이불속발기,노출","이불 속에서 발기한 상태가 드러남"
condom_between_breast,0,0,"가슴사이콘돔,도구","가슴 사이에 낀 콘돔"
breast_on_breast,0,0,"가슴맞대기,노출","서로 맞닿은 가슴"
apron_aside,0,0,"앞치마젖힘,노출","앞치마를 젖혀 신체를 드러내는 상태"
mutual_handjob,0,0,"상호핸드잡,행위","서로의 성기를 손으로 자극하는 행위"
mutual_breast_sucking,0,0,"상호가슴빨기,행위","서로의 가슴을 빠는 행위"
lace-trimmed_nightgown,0,0,"레이스나이트가운,노출,의상","레이스로 장식된 시스루 나이트가운"
heart_bra,0,0,"하트브라,노출,의상","하트 모양 브라"
felching,0,0,"펠칭,행위","삽입 후 흘러나온 정액을 핥는 행위"
torn_underwear,0,0,"찢어진속옷,노출","찢어진 속옷"
stealth_bondage,0,0,"몰래구속,도구","겉으로 티 안 나게 구속한 상태"
blocked_senses,0,0,"감각차단,도구","시야·청각 등을 차단한 플레이"
inconvenient_ass,0,0,"엉덩이가림연출,노출","엉덩이를 아슬아슬하게 가리는 연출"
prince_albert,0,0,"프린스앨버트,도구","남성 성기 피어싱 프린스 앨버트"
censored_feet,0,0,"발검열,형식","발 부위를 검열로 가리는 연출"
cutting_clothes,0,0,"옷자르기,행위","옷을 잘라 벗기는 행위"
penis_ornament,0,0,"성기장식,노출","성기에 단 장식"
clenched_butt,0,0,"엉덩이조이기,노출","힘주어 조인 엉덩이"
cum_milking,0,0,"착정,행위","반복해서 사정시키는 행위"
fishnet_panties,0,0,"그물팬티,노출,의상","그물 소재의 팬티"
strangulation_mark,0,0,"교살자국,신체","목이 졸린 자국"
sailor_fundoshi,0,0,"세일러훈도시,노출,의상","훈도시를 조합한 노출도 높은 세일러 의상"
penis_growth,0,0,"성기확대,노출","성기가 커지는 묘사"
own_cum_in_mouth,0,0,"자기정액입에,분비물","입 안에 머금은 자신의 정액"
nightgown_lift,0,0,"나이트가운들기,노출","나이트가운을 들어올려 신체를 드러내는 상태"
licking_ass,0,0,"엉덩이핥기,행위","엉덩이를 핥는 행위"
linked_gag,0,0,"연결재갈,도구","여러 사람을 잇는 연결형 재갈"
double_fellatio,0,0,"더블펠라티오,행위","두 사람이 하나의 성기를 함께 애무하는 행위"
cum_bucket,0,0,"정액양동이,분비물","정액이 가득 담긴 양동이"
circumcision_scar,0,0,"포경흉터,신체","포경수술 흉터"
bulge_to_face,0,0,"얼굴에불룩함,노출","얼굴에 갖다 댄 성기 불룩함"
bandeau_pull,0,0,"밴도우당기기,노출","밴도우를 당겨 신체를 드러내는 상태"
vibrator_under_pantyhose,0,0,"팬티스타킹속바이브,도구","팬티스타킹 안에 넣은 바이브레이터"
poking_with_penis,0,0,"성기로찌르기,행위","성기로 찌르는 행위"
panties_around_toe,0,0,"발끝에걸린팬티,노출","벗겨져 발끝에 걸린 팬티"
glitch_censor,0,0,"글리치검열,형식","화면 깨짐 효과로 성기 부위를 가리는 검열 연출"
imminent_double_penetration,0,0,"이중삽입직전,체위","곧 이중 삽입하려는 상황"
uterus_pose,0,0,"자궁포즈,행위","손으로 자궁 위치를 짚어 보이는 포즈"
strip_poker,0,0,"스트립포커,행위","지면 옷을 벗는 스트립 포커"
sockjob,0,0,"양말성행위,행위","양말 신은 발로 하는 성행위"
purple_garter_belt,0,0,"보라가터벨트,노출,의상","보라색 가터벨트"
pregnancy_mark,0,0,"임신마크,신체","배에 나타난 임신 문양"
penis_in_pantyhose,0,0,"팬티스타킹속성기,노출","팬티스타킹 안에 넣은 성기"
peeing_on_penis,0,0,"성기에소변,행위","성기에 소변을 보는 행위"
long_breast_curtain,0,0,"긴가슴가리개,노출","가슴을 아슬아슬하게 가리는 긴 천"
hand_under_dress,0,0,"드레스속손,행위","드레스 안으로 넣은 손"
hand_in_bra,0,0,"브라속손,행위","브라 안으로 넣은 손"
footjob_under_table,0,0,"테이블밑발성행위,행위","테이블 아래에서 발로 하는 성행위"
food_on_pectorals,0,0,"가슴근육위음식,노출","드러난 가슴 근육 위에 올린 음식"
glowing_body_fluid,0,0,"빛나는체액,분비물","빛을 내는 체액"
clitoris_clamp,0,0,"클리토리스클램프,도구","클리토리스에 채운 클램프"
bondage_gear,0,0,"본디지기어,도구","결박용 가죽 기구 일습"
ass_mousepad,0,0,"엉덩이마우스패드,노출","엉덩이를 마우스패드처럼 쓰는 연출"
tongue_suck,0,0,"혀빨기,행위","상대의 혀를 빠는 행위"
tentacle_tongue,0,0,"촉수혀,도구","촉수처럼 긴 혀"
tail_in_ass,0,0,"항문에꼬리,체위","항문에 삽입된 꼬리"
swarming_hands,0,0,"몰려드는손,행위","여러 손이 몰려들어 더듬는 행위"
stroking,0,0,"쓰다듬기자극,행위","성기를 손으로 쓰다듬어 자극하는 행위"
single_inverted_nipple,0,0,"한쪽함몰유두,노출","한쪽만 함몰된 유두"
breast_pull,0,0,"가슴당기기,노출","옷을 당겨 가슴을 드러내는 상태"
breast_pile,0,0,"가슴쌓기,노출","가슴을 포개어 쌓은 연출"
areola_measuring,0,0,"유륜측정,노출","유륜의 크기를 재는 연출"
jumpsuit_pull,0,0,"점프수트당기기,노출","점프수트를 당겨 신체를 드러내는 상태"
latex_corset,0,0,"라텍스코르셋,노출,의상","광택 있는 라텍스 코르셋"
fishnet_swimsuit,0,0,"그물수영복,노출,의상","그물 소재의 수영복"
open_wetsuit,0,0,"열린웻수트,노출","앞이 열려 신체가 드러난 잠수복"
imminent_wardrobe_malfunction,0,0,"옷사고직전,노출","곧 옷이 흘러내려 노출될 상황"
imminent_grope,0,0,"애무직전,행위","곧 몸을 더듬으려는 상황"
clitoris_leash,0,0,"클리토리스리쉬,도구","클리토리스에 연결한 목줄"
pussy_squeeze,0,0,"음부조이기,노출","음부를 조이는 상태"
smelly_pussy,0,0,"냄새나는음부,노출","냄새를 강조한 음부 묘사"
pubic_tattoo_through_clothing,0,0,"옷속음모문신,노출","옷 위로 비치는 음부 부위 문신"
bouncing_bulge,0,0,"출렁이는불룩함,노출","옷 위로 출렁이는 성기 불룩함"
chocolate_on_penis,0,0,"성기에초콜릿,노출","성기에 묻힌 초콜릿"
chin-chin,0,0,"칭칭,노출","성기를 뜻하는 유아어 표현"
non-pubic_inmon,0,0,"비음부음문,신체","음부가 아닌 부위에 새겨진 음란 문양"
too_many_condoms,0,0,"콘돔과다,도구","지나치게 많은 콘돔"
towel_pull,0,0,"수건당기기,노출","수건을 당겨 신체를 드러내는 상태"
claw_bra,0,0,"클로브라,노출,의상","발톱 모양으로 가슴을 가리는 브라"
kyoudaidon_(sex),0,0,"쿄다이돈,행위","성행위를 묘사한 쿄다이돈"
leaf_bra,0,0,"잎브라,노출,의상","나뭇잎으로 가슴을 가린 상태"
legbinder,0,0,"레그바인더,도구","두 다리를 함께 묶는 결박 도구"
like_an_ero-doujin,0,0,"에로동인지풍,형식","에로 동인지 같은 연출"
pajamas_lift,0,0,"파자마들기,노출","파자마를 들어올려 신체를 드러내는 상태"
penis_tattoo,0,0,"성기문신,노출","성기에 새긴 문신"
pig_penis,0,0,"돼지성기,노출","돼지 형태의 성기 묘사"
tube_top_pull,0,0,"튜브탑당기기,노출","튜브탑을 당겨 가슴을 드러내는 상태"
compensated_molestation,0,0,"원조성추행,행위","대가를 주고받는 성추행 상황"
cumdrip_through_panties,0,0,"팬티속정액흐름,분비물","팬티 밖으로 배어 나온 정액"
implied_after_masturbation,0,0,"자위후암시,행위","자위를 마친 뒤임을 암시하는 상태"
naked_kappougi,0,0,"알몸카포기,노출","앞치마형 카포기만 걸친 알몸 상태"
ass-to-mouth,0,0,"애스투마우스,행위","항문에 넣었던 것을 입으로 옮기는 행위"
blacked_(phrase),0,0,"블랙드문구,형식","특정 포르노 브랜드를 연상시키는 문구 연출"
fishnet_dress,0,0,"그물드레스,노출,의상","속이 비치는 그물 소재 드레스"
implied_orgasm,0,0,"절정암시,행위","절정에 이르렀음을 암시하는 상태"
kimono_partially_removed,0,0,"기모노일부탈의,노출","기모노를 일부 벗어 신체를 드러낸 상태"
presenting_penis,0,0,"성기내밀기,노출","성기를 앞으로 내밀어 보이는 자세"
assisted_paizuri,0,0,"도움받는파이즈리,행위","제삼자의 도움을 받아 하는 파이즈리"
clitoris_peek,0,0,"클리토리스노출,노출","살짝 드러난 클리토리스"
labia_ring,0,0,"음순링,노출","음순에 단 피어싱 링"
mechanical_penis,0,0,"기계성기,노출","기계로 된 성기"
pregnancy_halo,0,0,"임신후광,신체","수정이나 임신을 상징하는 후광 표시"
scrotum_piercing,0,0,"음낭피어싱,노출","음낭에 단 피어싱"
triple_anal,0,0,"삼중항문삽입,체위","한 항문에 셋을 동시에 삽입하는 체위"
curved_penis,0,0,"휜성기,노출","휘어진 성기"
artificial_vagina_with_body,0,0,"전신오나홀,도구","몸통 형태의 인공 자위 기구"
omegaverse,0,0,"오메가버스,형식","알파·베타·오메가 설정의 성적 세계관"
hornjob,0,0,"뿔성행위,행위","뿔로 성기를 자극하는 행위"
nipple_leash,0,0,"유두리쉬,도구","유두에 연결한 목줄"
penis_to_navel,0,0,"배꼽까지성기,노출","배꼽까지 닿을 만큼 발기한 성기"
writing_on_ass,0,0,"엉덩이글씨,노출","드러난 엉덩이에 쓴 글씨"
chocolate_on_ass,0,0,"엉덩이에초콜릿,노출","드러난 엉덩이에 묻힌 초콜릿"
guided_crotch_grab,0,0,"사타구니잡도록유도,행위","상대의 손을 사타구니로 이끄는 행위"
imminent_masturbation,0,0,"자위직전,행위","곧 자위를 시작하려는 상황"
implied_anilingus,0,0,"항문애무암시,행위","항문 애무를 암시하는 상황"
leotard_removed,0,0,"레오타드탈의,노출","레오타드를 벗어 신체를 드러낸 상태"
multicolored_pubic_hair,0,0,"다색음모,노출","여러 색이 섞인 음모"
negi_suppository,0,0,"파좌약,도구","파를 항문에 넣는 연출"
spreading_another's_anus,0,0,"타인항문벌리기,노출","다른 사람의 항문을 벌리는 행위"
biting_ass,0,0,"엉덩이물기,행위","엉덩이를 무는 행위"
biting_foreskin,0,0,"포피물기,행위","포피를 무는 행위"
chocolate_on_pectorals,0,0,"가슴근육에초콜릿,노출","드러난 가슴 근육에 묻힌 초콜릿"
fishnet_bra,0,0,"그물브라,노출,의상","그물 소재의 브라"
foot_on_breast,0,0,"가슴위에발,노출","드러난 가슴 위에 올린 발"
male_futanari,0,0,"남성후타나리,신체","남성형 몸에 여성 성기를 함께 지닌 상태"
o-ring_garter_belt,0,0,"오링가터벨트,노출,의상","오링이 달린 가터벨트"
peeing_on_viewer,0,0,"보는사람에게소변,행위","보는 사람 쪽으로 소변을 보는 행위"
pornstar,0,0,"포르노배우,형식","포르노 배우를 소재로 한 연출"
skull_fucking,0,0,"두개골성행위,행위","두개골 구멍을 이용한 성행위"
smelling_pussy,0,0,"음부냄새맡기,행위","음부의 냄새를 맡는 행위"
alcohol_enema,0,0,"알코올관장,행위","항문에 알코올을 주입하는 관장 행위"
nude_beach,0,0,"누드비치,배경","나체로 지내는 누드 비치"
red_nipples,0,0,"붉은유두,노출","붉은색 유두"
skirt_tied_over_head,0,0,"치마머리위로,노출","치마를 머리 위로 올려 하체를 드러낸 상태"
extra_nipples,0,0,"여분의유두,노출","일반보다 많은 유두"
brother_and_sister_threesome,0,0,"남매쓰리섬,행위","남매가 얽힌 셋의 성행위"
hands_on_another's_ass,0,0,"남의엉덩이에손,행위","다른 사람의 엉덩이에 손을 얹은 행위"
prostate_massager,0,0,"전립선마사지기,도구","항문에 넣는 전립선 자극 기구"
triple_vaginal,0,0,"삼중질삽입,체위","한 질에 셋을 동시에 삽입하는 체위"
dildo_under_mask,0,0,"마스크아래딜도,도구","마스크에 고정한 딜도"
paizuri_while_penetrated,0,0,"삽입중파이즈리,행위","삽입된 상태로 하는 파이즈리"
pantyhose_around_legs,0,0,"다리에걸친팬티스타킹,노출","벗겨져 다리에 걸린 팬티스타킹"
tail_bondage,0,0,"꼬리결박,도구","꼬리로 몸을 묶는 결박"
tekoki_karaoke,0,0,"테코키카라오케,행위","손으로 자극하며 노래하는 상황"
breast_ribbon,0,0,"가슴리본,노출","맨가슴을 리본으로만 가린 상태"
imminent_orgasm,0,0,"절정직전,행위","곧 절정에 이르려는 상황"
lotion_play,0,0,"로션플레이,행위","로션을 온몸에 발라 하는 성적 유희"
o-ring_legwear_garter,0,0,"오링다리가터,의상","오링이 달린 다리 가터"
pussy_tentacle,0,0,"음부촉수,노출","음부에서 뻗어 나온 촉수"
sloppy_blowjob_devil_(meme),0,0,"블로우잡데빌밈,형식","구강 성행위를 소재로 한 밈"
ass_expansion,0,0,"엉덩이확대,신체","비정상적으로 부풀어 커진 엉덩이"
blue_pasties,0,0,"파란파스티,노출","유두를 가리는 파란색 파스티"
cat_penis,0,0,"고양이성기,노출","고양이 형태의 성기"
excessive_lactation,0,0,"과다모유,분비물","지나치게 흐르는 모유"
multiple_penis_fellatio,0,0,"다중성기펠라티오,행위","여러 성기를 함께 애무하는 행위"
slapping_with_breasts,0,0,"가슴으로때리기,노출","드러낸 가슴으로 때리는 행위"
smelly_penis,0,0,"냄새나는성기,노출","냄새를 강조한 성기 묘사"
green_pussy,0,0,"초록음부,노출","초록색으로 묘사된 음부"
pectorals_on_glass,0,0,"가슴근육유리압착,노출","맨가슴 근육을 유리에 눌러 붙인 상태"
pouring_onto_pussy,0,0,"음부에붓기,행위","음부에 액체를 붓는 행위"
pussy_on_glass,0,0,"음부유리압착,노출","음부를 유리에 눌러 붙인 상태"
sounding_rod,0,0,"사운딩로드,도구","요도에 삽입하는 사운딩 막대"
blue_anus,0,0,"파란항문,노출","파란색으로 묘사된 항문"
flogger,0,0,"플로거,도구","여러 가닥의 채찍 플로거"
weighing_breasts,0,0,"가슴무게재기,노출","드러낸 가슴의 무게를 재는 연출"
dominator_(bdsm),0,0,"도미네이터,형식","BDSM에서 지배하는 쪽 도미네이터"
forced_exposure,0,0,"강제노출,노출","억지로 옷이 벗겨져 드러난 상태"
hand_in_underwear,0,0,"속옷속손,행위","속옷 안으로 넣은 손"
sarashi_pull,0,0,"사라시당기기,노출","가슴에 두른 사라시를 당겨 드러내는 상태"
tongue_clamp,0,0,"혀클램프,도구","혀를 고정하는 클램프"
bead_sex_machine,0,0,"구슬성기구,도구","구슬이 달린 기계식 성기구"
bra_tug,0,0,"브라당기기,노출","브라를 당겨 가슴을 드러내는 상태"
nipple_injection,0,0,"유두주사,행위","유두에 주사를 놓는 행위"
no_leotard,0,0,"레오타드미착용,노출","레오타드를 입지 않아 드러난 상태"
o-ring_bra,0,0,"오링브라,노출,의상","오링이 달린 브라"
requesting_impregnation,0,0,"임신요청,행위","임신시켜 달라고 청하는 상황"
unconventional_vibrator,0,0,"특이한바이브,도구","일반적이지 않은 형태의 바이브레이터"
cat_testicles,0,0,"고양이고환,노출","드러난 고양이의 고환"
torn_sarashi,0,0,"찢어진사라시,노출","찢어져 가슴이 드러난 사라시"
condom_on_ass,0,0,"엉덩이위콘돔,노출","드러낸 엉덩이 위에 올린 콘돔"
extended_upshirt,0,0,"업셔츠확장,노출","셔츠 아래에서 올려다본 노출 각도"
horse_pussy,0,0,"말음부,노출","말 형태의 음부"
labia_clamps,0,0,"음순클램프,도구","음순에 채운 클램프"
licking_panties,0,0,"팬티핥기,행위","팬티를 핥는 행위"
naked_pumpkin,0,0,"알몸호박,노출","호박만 걸친 알몸 상태"
panties_around_feet,0,0,"발에걸린팬티,노출","벗겨져 발에 걸린 팬티"
precum_pool,0,0,"쿠퍼액웅덩이,분비물","바닥에 고인 쿠퍼액"
realdoll,0,0,"리얼돌,도구","실물 크기의 성인용 인형"
after_gangbang,0,0,"윤간후,행위","윤간이 끝난 뒤의 상황"
cum_on_neck,0,0,"목에정액,분비물","목에 묻은 정액"
naked_gloves,0,0,"알몸장갑,노출","장갑만 낀 알몸 상태"
pubic_hair_pull,0,0,"음모당기기,행위","음모를 당기는 행위"
putting_on_condom,0,0,"콘돔착용,행위","콘돔을 씌우는 행위"
sex_through_torn_clothes,0,0,"옷째성행위,행위","찢은 옷 사이로 하는 성행위"
vibrator_in_leg_garter,0,0,"다리가터속바이브,도구","다리 가터에 끼운 바이브레이터"
ass_blush,0,0,"엉덩이홍조,노출","드러난 엉덩이가 붉어진 홍조"
bra_in_mouth,0,0,"입에브라,노출","벗어 입에 문 브라"
cum_on_goggles,0,0,"고글에정액,분비물","고글에 묻은 정액"
cum_on_horns,0,0,"뿔에정액,분비물","뿔에 묻은 정액"
nub_chastity_cage,0,0,"정조대케이지,도구","성기를 가두는 정조대 케이지"
stealth_fingering,0,0,"몰래핑거링,행위","남몰래 손가락으로 자극하는 행위"
fallen_angel_ero_maid_costume,0,0,"타락천사에로메이드복,노출,의상","노출도가 높은 타락천사 에로 메이드 복장"
naked_tape,0,0,"알몸테이프,노출","테이프만 붙인 알몸 상태"
object_on_bulge,0,0,"불룩함위물건,노출","옷 위로 솟은 불룩함에 올린 물건"
penis_head,0,0,"귀두,노출","성기의 귀두 부분"
precure_netorare_(meme),0,0,"프리큐어NTR밈,형식","프리큐어 캐릭터를 소재로 한 NTR 밈"
sleepsack,0,0,"슬립색,도구","전신을 감싸 구속하는 자루형 도구"
swimsuit_around_one_leg,0,0,"한다리에걸린수영복,노출","벗겨져 한쪽 다리에 걸린 수영복"
tail_rape,0,0,"꼬리강간,행위","꼬리를 이용한 강제 성행위"
testicle_tattoo,0,0,"고환문신,노출","고환에 새긴 문신"
wiping_pussy,0,0,"음부닦기,행위","음부를 닦는 행위"
cumdrip_through_clothes,0,0,"옷새로정액,분비물","옷 밖으로 배어 나온 정액"
dolphin_penis,0,0,"돌고래성기,노출","돌고래 형태의 성기"
fuzzy_handcuffs,0,0,"털수갑,도구","털이 달린 놀이용 수갑"
knot_gag,0,0,"매듭재갈,도구","매듭으로 물리는 재갈"
knotted_dildo,0,0,"매듭딜도,도구","혹이 달린 딜도"
lipstick_mark_on_pussy,0,0,"음부립스틱자국,노출","음부에 남은 립스틱 자국"
personality_excrement,0,0,"인격배설,형식","배설을 소재로 한 표현"
surprise_buttsex,0,0,"기습항문성교,행위","기습적으로 하는 항문 성교"
defecating,0,0,"배변,형식","배변하는 행위"
exposed_clitoris,0,0,"클리토리스노출,노출","드러난 클리토리스"
free_sex_sign,0,0,"프리섹스팻말,형식","자유로운 성행위를 알리는 팻말"
gold_slingshot_swimsuit,0,0,"금슬링샷수영복,노출,의상","성기만 가리는 극도로 노출된 금색 슬링샷 수영복"
hand_in_another's_pants,0,0,"남의바지속손,행위","다른 사람의 바지 안으로 넣은 손"
pasties_removed,0,0,"파스티벗음,노출","유두 가리개를 벗어 드러낸 상태"
pussy_grip,0,0,"음부조이기,노출","음부를 꽉 조인 상태"
pussy_juice_in_container,0,0,"애액용기,분비물","용기에 담긴 애액"
servants_holding_aphrodite's_breasts_(meme),0,0,"아프로디테가슴밈,페이트,형식","페이트 서번트들이 아프로디테 상의 가슴을 잡는 밈"
severed_penis,0,0,"잘린성기,노출","잘려 나간 성기"
shared_artificial_vagina,0,0,"공유오나홀,도구","여럿이 함께 쓰는 인공 자위 기구"
completely_nude,0,0,"완전나체,노출","실오라기 하나 걸치지 않은 완전 나체"
biting_testicles,0,0,"고환물기,행위","고환을 무는 행위"
bodysuit_aside,0,0,"바디수트젖히기,노출","바디수트를 옆으로 젖혀 드러낸 상태"
clitoris_pull,0,0,"클리토리스당기기,행위","클리토리스를 당기는 행위"
colored_cum,0,0,"색깔정액,분비물","일반적이지 않은 색의 정액"
dick_in_a_box,0,0,"상자속성기,형식","상자에 성기를 넣어 선물처럼 준 밈"
penis_bow,0,0,"성기리본,노출","성기에 묶은 리본"
self-pornography,0,0,"자기포르노,형식","자신의 성적 영상을 보는 연출"
sleevejob,0,0,"소매성행위,행위","옷소매로 성기를 자극하는 행위"
slingshot_tan,0,0,"슬링샷태닝자국,노출","슬링샷 수영복 모양으로 남은 태닝 자국"
upright_69,0,0,"선자세69,체위","선 자세로 하는 69 체위"
vagina_dentata,0,0,"이빨달린질,노출","이빨이 난 질을 묘사한 연출"
cum_in_gloves,0,0,"장갑속정액,분비물","장갑 안에 묻은 정액"
hakama_removed,0,0,"하카마탈의,노출","하카마를 벗어 하체를 드러낸 상태"
insemination,0,0,"수정,행위","질 안에 사정해 수정시키는 행위"
multiple_penetration,0,0,"다중삽입,체위","여러 곳에 동시에 삽입하는 체위"
piss_bottle,0,0,"소변병,분비물","소변이 담긴 병"
saliva_on_hand,0,0,"손에침,분비물","손에 묻은 침"
white_pasties,0,0,"흰파스티,노출","유두를 가리는 흰색 파스티"
yoke_(bdsm),0,0,"요크,도구","목과 팔을 고정하는 결박 도구 요크"
bellyjob,0,0,"배성행위,행위","배로 성기를 자극하는 행위"
cleft_anus,0,0,"갈라진항문,노출","갈라진 형태로 묘사된 항문"
mole_on_groin,0,0,"사타구니점,신체","드러난 사타구니에 있는 점"
off-color_semen,0,0,"변색정액,분비물","일반적이지 않은 색의 정액"
penis_earrings,0,0,"성기귀걸이,노출","성기 모양 귀걸이"
penis_in_swimsuit,0,0,"수영복속성기,노출","수영복 안에 넣은 성기"
tickling_ass,0,0,"엉덩이간지럽히기,행위","드러난 엉덩이를 간지럽히는 행위"
under-stirrup_footjob,0,0,"스터럽양말발성행위,행위","발걸이 양말을 신은 발로 하는 성행위"
animal_insertion,0,0,"동물삽입,행위","작은 동물을 몸에 삽입하는 연출"
censored_testicles,0,0,"검열된고환,노출","검열 처리된 고환"
mechanical_pussy,0,0,"기계음부,노출","기계로 된 음부"
nipple_weights,0,0,"유두추,도구","유두에 매다는 추"
oppai_ball,0,0,"오빠이볼,도구","가슴 모양의 성인용 완구"
pants_around_ankles,0,0,"발목에걸린바지,노출","벗겨져 발목에 걸린 바지"
penis_envy,0,0,"남근선망,형식","남근을 부러워하는 상황 연출"
penis_wrap,0,0,"성기감싸기,노출","성기를 천으로 감싼 상태"
plap_plap_plap_get_pregnant_(meme),0,0,"임신해밈,형식","성행위 의성어를 소재로 한 인터넷 밈"
tentacle_in_ear,0,0,"귀속촉수,행위","귀에 들어간 촉수"
evolved_virgin_killer_sweater,0,0,"진화형버진킬러스웨터,노출,의상","등과 옆이 크게 파인 버진 킬러 스웨터의 변형"
extra_pussies,0,0,"여분의음부,노출","일반보다 많은 음부"
fanning_breasts,0,0,"가슴부채질,노출","옷을 들춰 드러난 가슴에 부채질하는 동작"
guided_pectoral_grab,0,0,"가슴근육잡도록유도,행위","상대의 손을 가슴 근육으로 이끄는 행위"
implied_peeing,0,0,"배뇨암시,행위","소변을 보고 있음을 암시하는 상태"
coin_slot,0,0,"엉덩이골,노출","바지 위로 드러난 엉덩이 골"
penis_on_tongue,0,0,"혀위성기,행위","혀 위에 올려진 성기"
pussy_steam,0,0,"음부김,분비물","음부에서 피어오르는 김"
simulated_handjob,0,0,"모의수음,행위","손을 움직여 수음을 흉내내는 동작"
tentacle_between_breasts,0,0,"가슴사이촉수,행위","가슴 사이를 지나는 촉수"
ass_rubbing,0,0,"엉덩이문지르기,행위","엉덩이를 문지르는 행위"
breasts_on_thighs,0,0,"허벅지위가슴,노출","허벅지 위에 얹힌 가슴"
crotch_ribbon,0,0,"사타구니리본,노출","사타구니에 두른 리본"
dilation_insertion,0,0,"확장기삽입,행위","확장 기구를 삽입하는 행위"
dog_dildo,0,0,"개형딜도,도구","개의 성기 모양 딜도"
imminent_facesitting,0,0,"페이스시팅직전,행위","얼굴에 올라타기 직전 상태"
implied_breast_milk,0,0,"모유암시,분비물","모유가 나오고 있음을 암시하는 상태"
large_clitoris,0,0,"큰음핵,노출","크게 묘사된 음핵"
leg_behind_shoulder,0,0,"어깨뒤다리,체위","다리를 어깨 뒤로 넘긴 자세"
untied_swimsuit,0,0,"풀린수영복,노출","끈이 풀려 벗겨지는 수영복"
hand_in_buruma,0,0,"부르마속손,행위","부르마 안에 손을 넣은 상태"
mutual_impregnation,0,0,"상호임신,형식","서로를 임신시키는 연출"
gagging,0,0,"목젖자극,행위","목 깊숙이 자극받아 헛구역질하는 상태"
thumbcuffs,0,0,"엄지수갑,도구","엄지를 채우는 작은 수갑"
rabbit_pasties,0,0,"토끼젖꼭지스티커,노출","토끼 모양 젖꼭지 스티커"
see-through_pelvic_curtain,0,0,"비치는펠빅커튼,노출","속이 비치는 펠빅 커튼"
penis_nipples,0,0,"성기모양유두,노출","성기 모양으로 묘사된 유두"
pee_puddle,0,0,"오줌웅덩이,분비물","바닥에 고인 소변"
stealth_footjob,0,0,"몰래발성행위,행위","들키지 않게 발로 하는 성행위"
tentacle_underwear,0,0,"촉수속옷,노출","속옷처럼 몸을 감은 촉수"
yellow_nipples,0,0,"노란유두,노출","노란색으로 묘사된 유두"
futa_with_newhalf,0,0,"후타와뉴하프,인원","후타나리와 뉴하프의 조합"
chinpo_ni_wa_katenakatta_yo,0,0,"성기에는이길수없었어,형식","성인물 대사 소재 밈"
presenting_pectorals,0,0,"가슴근육내밀기,노출","가슴 근육을 내밀어 강조한 자세"
single_pasty,0,0,"한쪽젖꼭지스티커,노출","한쪽에만 붙인 젖꼭지 스티커"
tied_breast,0,0,"묶인가슴,행위","끈으로 묶인 가슴"
transparent_bikini,0,0,"투명비키니,노출","속이 비치는 투명한 비키니"
assless_swimsuit,0,0,"엉덩이노출수영복,노출","엉덩이가 뚫린 수영복"
cock_docking,0,0,"도킹,행위","성기끼리 맞대는 행위"
condom_balloon,0,0,"콘돔풍선,도구","콘돔을 불어 만든 풍선"
doll_panty_check,0,0,"인형팬티확인,행위","인형의 속옷을 들여다보는 연출"
fuck-me_clothes,0,0,"도발적인옷,노출","노골적으로 유혹하는 옷차림"
gargling,0,0,"입안헹구기,행위","입 안에 머금고 헹구는 동작"
handjob_under_clothes,0,0,"옷속수음,행위","옷 안에서 손으로 하는 성행위"
impossible_underwear,0,0,"밀착속옷,노출","몸에 밀착돼 형태가 다 드러나는 속옷"
implied_drugging,0,0,"약물암시,형식","음료에 약을 탄 것을 암시하는 연출"
nipple_push,0,0,"유두누르기,행위","유두를 눌러 넣는 동작"
sex_battle,0,0,"성행위대결,행위","성행위로 겨루는 연출"
strip_tease,0,0,"스트립쇼,행위","옷을 벗으며 보여주는 스트립 쇼"
transparent_breasts_pads,0,0,"투명가슴패드,노출","속이 비치는 가슴 패드"
chainsaw_man's_handjob_scene,0,0,"체인소맨수음장면,형식","체인소 맨의 장면 소재"
digestion,0,0,"소화,형식","삼켜져 소화되는 연출"
glowing_pussy,0,0,"빛나는음부,노출","빛을 내는 음부"
durex,0,0,"듀렉스,도구","콘돔 브랜드 듀렉스"
mind_rape,0,0,"정신지배,형식","정신을 지배당하는 연출"
lorum_piercing,0,0,"로럼피어싱,노출","성기 아래쪽 로럼 피어싱"
star_maebari,0,0,"별모양마에바리,노출","별 모양의 국부 가리개"
thick_testicle_hair,0,0,"짙은고환털,노출","고환의 짙은 체모"
swinging_(relationship),0,0,"스와핑,형식","서로 상대를 바꾸는 관계 연출"
clitoris_sleeve,0,0,"음핵슬리브,도구","음핵에 끼우는 기구"
cooperative_nipple_licking,0,0,"함께유두핥기,행위","여럿이 함께 유두를 핥는 행위"
even_though_you_lost_your_virginity_to_me_(meme),0,0,"나한테첫경험했는데밈,형식","성인물 대사 소재 밈"
imminent_bukkake,0,0,"부카케직전,행위","다수의 사정 직전 상태"
implied_after_paizuri,0,0,"파이즈리후암시,행위","가슴 성행위 직후를 암시하는 상태"
implied_strap-on,0,0,"스트랩온암시,도구","착용형 기구 사용을 암시하는 연출"
linea_nigra,0,0,"임신선,신체","배 가운데의 검은 세로선"
mounted_dildo,0,0,"고정딜도,도구","바닥이나 벽에 고정한 딜도"
mutual_penetration,0,0,"상호삽입,행위","서로 삽입하는 연출"
navel_penetration,0,0,"배꼽삽입,행위","배꼽을 통한 삽입 연출"
plant_sex,0,0,"식물과의성행위,행위","식물 형태 존재와의 성행위"
red_penis,0,0,"붉은성기,노출","붉게 묘사된 성기"
reverse_x-ray,0,0,"역단면도,형식","몸 밖에서 내부를 겹쳐 보여주는 연출"
stealth_cunnilingus,0,0,"몰래쿤닐링구스,행위","들키지 않게 하는 구강 성행위"
twitching_pussy,0,0,"경련하는음부,노출","경련하는 음부"
unwanted_exposure,0,0,"의도치않은노출,노출","본인 의사와 무관하게 드러난 상태"
blood_on_penis,0,0,"성기에피,노출","성기에 묻은 피"
bound_thumbs,0,0,"묶인엄지,행위","엄지끼리 묶인 상태"
breast_implants,0,0,"가슴보형물,신체","보형물을 넣은 가슴"
labia_stretching,0,0,"음순늘리기,행위","음순을 잡아 늘리는 행위"
lube_on_breasts,0,0,"가슴에윤활제,분비물","가슴에 바른 윤활제"
surprise_deepthroat,0,0,"기습딥스로트,행위","갑작스러운 깊은 구강 성행위"
tail_stimulation,0,0,"꼬리자극,행위","꼬리를 자극하는 행위"
crotch_pull,0,0,"사타구니당기기,노출","사타구니 부분의 옷을 잡아당긴 상태"
hands_in_pants,0,0,"바지속손,행위","바지 안에 넣은 손"
kissing_ass,0,0,"엉덩이에입맞춤,행위","엉덩이에 입 맞추는 행위"
male_swimwear_aside,0,0,"남성수영복비켜입기,노출","남성 수영복을 옆으로 젖힌 상태"
pouring_from_condom,0,0,"콘돔붓기,분비물","콘돔의 내용물을 쏟는 연출"
reverse_amazon_position,0,0,"역아마존체위,체위","아마존 체위를 뒤집은 자세"
ruined_orgasm,0,0,"중단된절정,행위","절정 직전에 멈추는 연출"
tampon_string,0,0,"탐폰줄,노출","밖으로 나온 탐폰 줄"
yellow_pasties,0,0,"노랑젖꼭지스티커,노출","노란색 젖꼭지 스티커"
covering_another's_nipples,0,0,"남의유두가리기,행위","다른 사람의 유두를 가려 주는 동작"
condom_on_object,0,0,"사물에씌운콘돔,도구","물건에 씌운 콘돔"
cum_in_headwear,0,0,"모자속정액,분비물","모자 안에 담긴 정액"
diarrhea,0,0,"설사,분비물","설사 상태"
dydoe,0,0,"다이도피어싱,노출","귀두에 하는 다이도 피어싱"
finger_on_nipple,0,0,"유두에손가락,행위","유두에 얹은 손가락"
poking_ass,0,0,"엉덩이찌르기,행위","엉덩이를 손가락으로 찌르는 동작"
poking_pussy,0,0,"음부찌르기,행위","음부를 손가락으로 찌르는 동작"
have_to_poop,0,0,"참는중,형식","배변을 참는 상태"
bound_tail,0,0,"묶인꼬리,행위","끈으로 묶인 꼬리"
self_fisting,0,0,"자기피스팅,행위","스스로 하는 피스팅"
shibarikini,0,0,"시바리키니,행위","비키니처럼 몸을 묶은 밧줄"
slingshot_dress,0,0,"슬링샷드레스,노출","끈만으로 이루어진 슬링샷 드레스"
spread_urethra,0,0,"벌어진요도,노출","벌어진 요도구"
strapless_dildo,0,0,"스트랩없는딜도,도구","끈 없이 끼워 쓰는 딜도"
super_masara_ahegao,0,0,"슈퍼마사라아헤가오,표정","과장된 아헤가오 표정"
toecuffs,0,0,"발가락구속구,도구","발가락을 묶는 구속구"
urethral_penetration,0,0,"요도삽입,행위","요도를 통한 삽입 연출"
bound_penis,0,0,"묶인성기,행위","끈으로 묶인 성기"
cum_on_picture,0,0,"사진위정액,분비물","사진에 묻은 정액"
guided_fingering,0,0,"유도된손가락애무,행위","상대의 손을 이끌어 하는 손 애무"
legjob,0,0,"다리성행위,행위","다리로 하는 성행위"
licking_pectoral,0,0,"가슴근육핥기,행위","가슴 근육을 핥는 행위"
implied_lactation,0,0,"모유암시,분비물","젖이 나오고 있음을 암시하는 상태"
mole_on_testicles,0,0,"고환점,노출","드러난 고환에 있는 점"
mole_under_breast,0,0,"가슴아래점,노출","가슴 아래에 있는 점"
game_controller_nipples_(meme),0,0,"게임패드유두밈,형식","성인물 소재 밈"
penetration_while_penetrated,0,0,"삽입중삽입,행위","삽입당한 채로 삽입하는 연출"
rei_no_mizugi,0,0,"그수영복,노출","노출이 극단적인 슬링샷 수영복"
snake_penis,0,0,"뱀형성기,노출","뱀 모양으로 묘사된 성기"
tentacle_hold,0,0,"촉수구속,행위","촉수에 붙잡힌 상태"
unwrap_me_body_bow,0,0,"몸에두른리본,노출","선물처럼 몸에 두른 리본"
autopenetration,0,0,"자기삽입,행위","자기 신체 일부로 스스로 삽입하는 연출"
bike_dildo,0,0,"자전거딜도,도구","자전거 안장에 붙인 딜도"
breast_rings,0,0,"가슴링,노출","가슴에 두른 링"
buruma_lift,0,0,"부르마들추기,노출","부르마를 들어 올린 상태"
cooperative_breast_smother,0,0,"함께가슴누르기,행위","여럿이 함께 가슴으로 감싸는 행위"
cum_in_ear,0,0,"귀속정액,분비물","귀에 들어간 정액"
cum_on_wall,0,0,"벽에정액,분비물","벽에 튄 정액"
froggy_style,0,0,"개구리체위,체위","개구리처럼 웅크린 체위"
instrument_insertion,0,0,"악기삽입,행위","악기를 이용한 삽입 연출"
milking_cow,0,0,"착유,행위","젖을 짜내는 연출"
shibari_marks,0,0,"결박자국,신체","밧줄에 묶였던 자국"
stomach_bulge_grab,0,0,"배부풀림잡기,행위","삽입으로 부푼 배를 잡는 동작"
thigh_worship,0,0,"허벅지숭배,행위","허벅지에 얼굴을 묻고 탐닉하는 연출"
transparent_leotard,0,0,"투명레오타드,노출","속이 비치는 레오타드"
absurdly_fat_mons,0,0,"매우두툼한치구,노출","극단적으로 두툼하게 묘사된 치구"
black_tape_project,0,0,"블랙테이프프로젝트,노출","검은 테이프만으로 몸을 가린 스타일"
breast_beam,0,0,"가슴광선,형식","가슴에서 광선을 쏘는 연출"
breast_piercing,0,0,"가슴피어싱,노출","가슴에 한 피어싱"
competitive_sex,0,0,"성행위경쟁,행위","성행위로 경쟁하는 연출"
long_dildo,0,0,"긴딜도,도구","길이가 매우 긴 딜도"
penis_slip,0,0,"성기노출사고,노출","옷 밖으로 드러난 성기"
phone_sex,0,0,"폰섹스,행위","전화를 통한 성적 행위"
shell_pasties,0,0,"조개껍질젖꼭지스티커,노출","조개껍질 모양 젖꼭지 스티커"
simulated_cunnilingus,0,0,"모의쿤닐링구스,행위","구강 성행위를 흉내내는 동작"
slapping_penis,0,0,"성기때리기,행위","성기를 치는 행위"
step-mother_and_step-son,0,0,"의붓모자,형식","의붓어머니와 의붓아들 관계 연출"
breast_clinging,0,0,"가슴밀착,행위","가슴을 밀착시키는 동작"
cat_pasties,0,0,"고양이젖꼭지스티커,노출","고양이 모양 젖꼭지 스티커"
double_fingering,0,0,"양손손가락애무,행위","두 손가락으로 하는 애무"
hand_grabbing_both_breasts,0,0,"양쪽가슴잡기,행위","두 가슴을 한꺼번에 잡은 손"
imminent_pegging,0,0,"페깅직전,행위","착용형 기구를 이용한 삽입 직전 상태"
penis_in_eye,0,0,"눈에성기,행위","눈에 성기를 대는 연출"
slut_shirt,0,0,"노출셔츠,노출","가슴이 크게 파인 노출 셔츠"
yellow_liquid,0,0,"노란액체,분비물","노란색 체액"
aqua_nipples,0,0,"청록유두,노출","청록색으로 묘사된 유두"
ankle_rope,0,0,"발목밧줄,행위","발목을 묶은 밧줄"
armpit_hold,0,0,"겨드랑이성행위,행위","겨드랑이를 이용한 성행위"
ass-to-breast,0,0,"엉덩이와가슴맞닿음,행위","엉덩이와 가슴이 맞닿은 연출"
balljob,0,0,"고환애무,행위","고환을 자극하는 행위"
butt_crush,0,0,"엉덩이누르기,행위","엉덩이로 깔아 누르는 연출"
lap_dance,0,0,"랩댄스,행위","무릎 위에서 추는 랩 댄스"
naked_sarashi,0,0,"사라시만두르기,노출","사라시만 감은 상태"
stained_underwear,0,0,"얼룩진속옷,분비물","체액으로 얼룩진 속옷"
girlfriend_booty_(meme),0,0,"여친엉덩이밈,형식","성인물 소재 밈"
urinal_bottle,0,0,"소변병,도구","누워서 쓰는 소변 용기"
chastity_bra,0,0,"정조브라,도구","잠금 장치가 있는 브래지어"
disembodied_breast,0,0,"분리된가슴,노출","몸에서 떨어져 나온 가슴 표현"
fingering_gesture,0,0,"손가락애무제스처,행위","손가락 애무를 흉내내는 손짓"
flowjob,0,0,"플로우잡,행위","성적 자극을 주는 행위"
masturbation_from_behind,0,0,"뒤에서자위,행위","뒤에서 손을 뻗어 하는 자위"
penis_bell,0,0,"성기방울,도구","성기에 다는 방울"
pointing_at_crotch,0,0,"사타구니가리키기,행위","자기 사타구니를 가리키는 동작"
sex_slave,0,0,"성노예,형식","성적으로 예속된 관계 연출"
striped_slingshot_swimsuit,0,0,"줄무늬슬링샷수영복,노출","줄무늬가 있는 슬링샷 수영복"
through_panties,0,0,"팬티위로,행위","팬티 위로 하는 자극"
vine_bondage,0,0,"덩굴결박,행위","덩굴에 묶인 상태"
wintam_ribbon_bondage_(meme),0,0,"리본결박밈,형식","리본 결박 소재 밈"
sparkle_censor,0,0,"반짝이검열,형식","반짝임으로 가린 검열 처리"
breastfeeding_invitation,0,0,"수유권유,행위","가슴을 내밀어 권하는 연출"
condom_pull,0,0,"콘돔당기기,도구","콘돔을 잡아당기는 동작"
cooperative_naizuri,0,0,"함께나이즈리,행위","여럿이 함께 하는 가슴 성행위"
fur_panties,0,0,"털팬티,노출","털로 된 팬티"
implied_double_penetration,0,0,"이중삽입암시,행위","두 곳 동시 삽입을 암시하는 연출"
implied_threesome,0,0,"쓰리섬암시,형식","세 명의 성행위를 암시하는 연출"
intestines_filled,0,0,"내장까지가득,행위","깊숙이 채워진 상태를 강조한 연출"
open-bust_leotard,0,0,"가슴트인레오타드,노출","가슴 부분이 트인 레오타드"
purple_penis,0,0,"보라성기,노출","보라색으로 묘사된 성기"
playing_doctor,0,0,"의사놀이,형식","의사 역할극 연출"
smelling_pantyhose,0,0,"팬티스타킹냄새맡기,행위","팬티스타킹 냄새를 맡는 연출"
tenga_egg,0,0,"텐가에그,도구","달걀 모양 성인용 완구"
twitching_womb,0,0,"경련하는자궁,신체","경련하는 자궁 단면 연출"
two-handed_masturbation,0,0,"양손자위,행위","두 손으로 하는 자위"
anal_vore,0,0,"애널보어,형식","항문으로 삼키는 연출"
backless_bikini_bottom,0,0,"등트인비키니하의,노출","뒤가 트인 비키니 하의"
bat_pasties,0,0,"박쥐젖꼭지스티커,노출","박쥐 모양 젖꼭지 스티커"
blowing_on_penis,0,0,"성기에입김,행위","성기에 입김을 부는 연출"
breathplay,0,0,"호흡제한,행위","호흡을 제한하는 연출"
crotch_mousepad,0,0,"사타구니마우스패드,도구","사타구니 모양 마우스 패드"
cumjar_(meme),0,0,"정액병밈,형식","성인물 소재 밈"
goatse,0,0,"고츠,노출","항문을 크게 벌린 인터넷 소재"
green_penis,0,0,"초록성기,노출","초록색으로 묘사된 성기"
hugging_ass,0,0,"엉덩이껴안기,행위","엉덩이를 껴안는 동작"
implied_male_pregnancy,0,0,"남성임신암시,형식","남성이 임신했음을 암시하는 연출"
ink_on_breast,0,0,"가슴에잉크,노출","가슴에 묻은 잉크"
jav,0,0,"일본성인비디오,형식","일본 성인 비디오 패러디"
kissing_pectoral,0,0,"가슴근육에입맞춤,행위","가슴 근육에 입 맞추는 행위"
legs_back,0,0,"다리젖히기,체위","다리를 뒤로 크게 젖힌 자세"
lipstick_mark_on_anus,0,0,"항문에립스틱자국,노출","항문에 남은 립스틱 자국"
maternity_mark,0,0,"임신마크,신체","임신을 나타내는 배의 문양"
navel_hair_peek,0,0,"배꼽아래털,노출","배꼽 아래로 보이는 체모"
necklace_censor,0,0,"목걸이검열,노출","목걸이로 가린 검열 처리"
nursing_paizuri,0,0,"수유파이즈리,행위","수유와 함께 하는 가슴 성행위"
own_cum_on_tongue,0,0,"혀위자기정액,분비물","혀에 올린 자기 정액"
spiked_cock_ring,0,0,"가시코크링,도구","가시가 달린 코크 링"
sucking_another's_tail,0,0,"남의꼬리빨기,행위","다른 사람의 꼬리를 빠는 행위"
hamedoori_template_(meme),0,0,"하메도리템플릿밈,형식","성인물 구도 소재 밈"
shinji's_fapping_hand_(meme),0,0,"신지의손밈,에반게리온,형식","에반게리온 소재 밈"
sibi2028_pectoral_grab_(meme),0,0,"가슴근육잡기밈,형식","가슴 근육 소재 밈"
touching_another's_crotch,0,0,"남의사타구니만지기,행위","다른 사람의 사타구니를 만지는 행위"
vaginal_calligraphy,0,0,"음부글씨,형식","음부 주변에 글씨를 쓴 연출"
vaporeon_copypasta_(meme),0,0,"샤미드카피파스타밈,포켓몬,형식","성인물 소재 인터넷 밈"
auto_tentacle_sex,0,0,"자기촉수성행위,행위","자기 촉수를 이용한 성행위"
cloth_glansjob,0,0,"천귀두자극,행위","천으로 귀두를 자극하는 행위"
cum_on_desk,0,0,"책상위정액,분비물","책상에 묻은 정액"
double_paizuri,0,0,"이중파이즈리,행위","두 사람이 함께 하는 가슴 성행위"
fellatio_through_clothes,0,0,"옷너머구강성행위,행위","옷 위로 하는 구강 성행위"
fig_leaf,0,0,"무화과잎,노출","국부를 가린 무화과 잎"
apple_(inmu),0,0,"사과,형식","성인물 밈 소재의 사과"
imminent_penis_severing,0,0,"성기절단직전,형식","성기를 자르기 직전을 암시하는 연출"
nearly_naked_cloak,0,0,"망토만걸침,노출","망토만 걸쳐 거의 벗은 상태"
penis_hot_dog,0,0,"성기핫도그,형식","성기를 핫도그에 빗댄 연출"
penis_under_clothing,0,0,"옷속성기,노출","옷 위로 드러난 성기 윤곽"
pouring_onto_penis,0,0,"성기에붓기,행위","성기에 액체를 붓는 연출"
pussy_juice_on_face,0,0,"얼굴에애액,분비물","얼굴에 묻은 애액"
removing_bikini_top,0,0,"비키니상의벗기,노출","비키니 상의를 벗는 동작"
shared_shower,0,0,"함께샤워,행위","둘이 함께 샤워하는 연출"
strip_club,0,0,"스트립클럽,배경","스트립 쇼를 하는 클럽"
tail_vore,0,0,"꼬리보어,형식","꼬리로 삼키는 연출"
underwear_reveal_pose_(han-0v0),0,0,"속옷드러내는포즈,노출","속옷을 드러내 보이는 포즈"
anus_piercing,0,0,"항문피어싱,노출","항문 주변에 한 피어싱"
blood_from_vagina,0,0,"음부출혈,분비물","음부에서 흐르는 피"
breast_crush,0,0,"가슴으로누르기,행위","가슴으로 눌러 짓누르는 연출"
breast_pinch,0,0,"가슴꼬집기,행위","가슴을 꼬집는 행위"
carrot_butt_plug,0,0,"당근플러그,도구","당근 모양 애널 플러그"
censored_clitoris,0,0,"검열된음핵,노출","검열 처리된 음핵"
colored_penis,0,0,"색깔성기,노출","색이 들어간 성기"
condom_in_ass,0,0,"항문속콘돔,도구","항문에 들어간 콘돔"
fundoshi_removed,0,0,"훈도시벗음,노출","훈도시를 벗은 상태"
guided_handjob,0,0,"유도된수음,행위","상대의 손을 이끌어 하는 수음"
hands_on_another's_crotch,0,0,"남의사타구니에손,행위","다른 사람의 사타구니에 얹은 손"
dat_ass_(meme),0,0,"댓애스밈,형식","엉덩이 소재 인터넷 밈"
i'm_not_at_the_beach_this_is_a_bathtub_(meme),0,0,"해변아니고욕조밈,형식","성인물 소재 밈"
nosejob,0,0,"코성행위,행위","코를 이용한 성행위"
ribbon_censor,0,0,"리본검열,노출","리본으로 가린 검열 처리"
cellphone_vibrator,0,0,"휴대폰진동기구,도구","휴대폰을 이용한 진동 자극"
censored_urethra,0,0,"검열된요도,노출","검열 처리된 요도"
condom_in_pocket,0,0,"주머니속콘돔,도구","주머니에 넣어 둔 콘돔"
cum_on_underside,0,0,"뒷면에정액,분비물","아랫면에 묻은 정액"
feather_censor,0,0,"깃털검열,노출","깃털로 가린 검열 처리"
hair_between_ass,0,0,"엉덩이사이머리,노출","엉덩이 사이로 내려온 머리카락"
kinbaku,0,0,"킨바쿠,행위","일본식 결박 킨바쿠"
kissing_bulge,0,0,"부푼부분에입맞춤,행위","옷 위 부푼 부분에 입 맞추는 행위"
inconsistent_censoring,0,0,"불일치검열,형식","검열 기준이 일관되지 않은 상태"
don't_worry_i'm_wearing,0,0,"입고있으니까괜찮아,형식","속옷을 입었다는 대사 소재"
bra_around_one_arm,0,0,"한팔에걸린브라,노출","벗겨져 한쪽 팔에 걸린 브래지어"
caning,0,0,"회초리,행위","회초리로 때리는 연출"
nearly_naked_sweater,0,0,"스웨터만걸침,노출","스웨터만 걸쳐 거의 벗은 상태"
object_on_ass,0,0,"엉덩이위사물,노출","엉덩이 위에 올린 물건"
pantyhose_cutout,0,0,"팬티스타킹컷아웃,노출","일부가 뚫린 팬티스타킹"
patreon_logo_censor,0,0,"패트리온로고검열,노출","패트리온 로고로 가린 검열 처리"
pussy_eating_monster,0,0,"음부포식괴물,행위","음부를 탐하는 괴물 연출"
robot_penis,0,0,"기계성기,노출","기계로 된 성기"
shorts_around_ankles,0,0,"발목에걸린반바지,노출","벗겨져 발목에 걸린 반바지"
sitting_on_tentacle,0,0,"촉수위에앉기,행위","촉수 위에 앉은 자세"
spade_pasties,0,0,"스페이드젖꼭지스티커,노출","스페이드 모양 젖꼭지 스티커"
spitting_cum,0,0,"정액뱉기,분비물","정액을 뱉어 내는 연출"
step-father_and_step-daughter,0,0,"의붓부녀,형식","의붓아버지와 의붓딸 관계 연출"
vibrator_under_swimsuit,0,0,"수영복속진동기,도구","수영복 안에 넣은 진동 기구"
wingjob,0,0,"날개성행위,행위","날개를 이용한 성행위"
slightly_naughty_expressions_practice,0,0,"야한표정연습,형식","선정적인 표정 연습 소재"
silicone,0,0,"실리콘,신체","실리콘 보형물"
